Data,Hora,Oficina,ID Participante,Local,Coisa,Nome,Avatar,Interface,Descrição,Objeto
2023-05-11,10:26:17,SRM,55rwXO,web,,p.jesus,panda,Interface: desenho,Fez login e iniciou os cookies com (55rwXO) (p.jesus) e (panda),
2023-05-11,10:26:17,SRM,55rwXO,web,,p.jesus,panda,Interface: desenho,Reconectou - Atualização de página - F5,
2023-05-11,10:26:25,SRM,55rwXO,web,,p.jesus,panda,Interface: socket.io,entrou na sala - Registrou participante no socket.io,
2023-05-11,10:32:09,SRM,55rwXO,web,,p.jesus,panda,Interface: login,Retornou a primeira página para alterar nome ou avatar,
2023-05-11,10:34:29,SRM,36tcEV,web,,p.Cecilia,porco,Interface: desenho,Fez login e iniciou os cookies com (36tcEV) (p.Cecilia) e (porco),
2023-05-11,10:34:29,SRM,36tcEV,web,,p.Cecilia,porco,Interface: desenho,Reconectou - Atualização de página - F5,
2023-05-11,10:34:30,SRM,36tcEV,web,,p.Cecilia,porco,Interface: socket.io,entrou na sala - Registrou participante no socket.io,
2023-05-11,10:35:10,SRM,05gmCI,web,,p.yusseli,urso,Interface: desenho,Fez login e iniciou os cookies com (05gmCI) (p.yusseli) e (urso),
2023-05-11,10:35:10,SRM,05gmCI,web,,p.yusseli,urso,Interface: desenho,Reconectou - Atualização de página - F5,
2023-05-11,10:35:11,SRM,05gmCI,web,,p.yusseli,urso,Interface: socket.io,entrou na sala - Registrou participante no socket.io,
2023-05-11,10:37:48,SRM,14obZG,srm,luva1,Samuel,gato,Interface: desenho,Fez login e iniciou os cookies com (14obZG) (Samuel) e (gato),
2023-05-11,10:37:48,SRM,14obZG,srm,luva1,Samuel,gato,Interface: desenho,Reconectou - Atualização de página - F5,
2023-05-11,10:38:18,SRM,14obZG,srm,luva1,Samuel,gato,Interface: socket.io,entrou na sala - Registrou participante no socket.io,
2023-05-11,10:38:20,SRM,14obZG,srm,luva1,Samuel,gato,Interface: srm,luva1,69
2023-05-11,10:38:24,SRM,14obZG,srm,luva1,Samuel,gato,Interface: srm,luva1,66
2023-05-11,10:38:28,SRM,14obZG,srm,luva1,Samuel,gato,Interface: srm,luva1,73
2023-05-11,10:38:32,SRM,14obZG,srm,luva1,Samuel,gato,Interface: srm,luva1,73
2023-05-11,10:38:37,SRM,14obZG,srm,luva1,Samuel,gato,Interface: srm,luva1,73
2023-05-11,10:38:41,SRM,14obZG,srm,luva1,Samuel,gato,Interface: srm,luva1,125
2023-05-11,10:38:45,SRM,14obZG,srm,luva1,Samuel,gato,Interface: srm,luva1,116
2023-05-11,10:38:49,SRM,14obZG,srm,luva1,Samuel,gato,Interface: srm,luva1,105
2023-05-11,10:39:25,SRM,14obZG,srm,luva1,Samuel,gato,Interface: srm,luva1,65
2023-05-11,10:39:29,SRM,14obZG,srm,luva1,Samuel,gato,Interface: srm,luva1,65
2023-05-11,10:39:33,SRM,14obZG,srm,luva1,Samuel,gato,Interface: srm,luva1,80
2023-05-11,10:39:38,SRM,14obZG,srm,luva1,Samuel,gato,Interface: srm,luva1,80
2023-05-11,10:39:42,SRM,14obZG,srm,luva1,Samuel,gato,Interface: srm,luva1,80
2023-05-11,10:39:46,SRM,14obZG,srm,luva1,Samuel,gato,Interface: srm,luva1,78
2023-05-11,10:39:50,SRM,14obZG,srm,luva1,Samuel,gato,Interface: srm,luva1,95
2023-05-11,10:39:54,SRM,14obZG,srm,luva1,Samuel,gato,Interface: srm,luva1,79
2023-05-11,10:39:58,SRM,14obZG,srm,luva1,Samuel,gato,Interface: srm,luva1,81
2023-05-11,10:40:02,SRM,14obZG,srm,luva1,Samuel,gato,Interface: srm,luva1,70
2023-05-11,10:40:06,SRM,14obZG,srm,luva1,Samuel,gato,Interface: srm,luva1,74
2023-05-11,10:40:10,SRM,14obZG,srm,luva1,Samuel,gato,Interface: srm,luva1,72
2023-05-11,10:40:14,SRM,14obZG,srm,luva1,Samuel,gato,Interface: srm,luva1,90
2023-05-11,10:40:18,SRM,14obZG,srm,luva1,Samuel,gato,Interface: srm,luva1,136
2023-05-11,10:40:22,SRM,14obZG,srm,luva1,Samuel,gato,Interface: srm,luva1,114
2023-05-11,10:40:26,SRM,14obZG,srm,luva1,Samuel,gato,Interface: srm,luva1,65
2023-05-11,10:40:30,SRM,27ueFI,srm,luva2,Patrick,macaco,Interface: desenho,Fez login e iniciou os cookies com (27ueFI) (Patrick) e (macaco),
2023-05-11,10:40:30,SRM,27ueFI,srm,luva2,Patrick,macaco,Interface: desenho,Reconectou - Atualização de página - F5,
2023-05-11,10:40:30,SRM,14obZG,srm,luva1,Samuel,gato,Interface: srm,luva1,65
2023-05-11,10:40:34,SRM,14obZG,srm,luva1,Samuel,gato,Interface: srm,luva1,80
2023-05-11,10:40:53,SRM,27ueFI,srm,luva2,Patrick,macaco,Interface: socket.io,entrou na sala - Registrou participante no socket.io,
2023-05-11,10:41:23,SRM,27ueFI,srm,luva2,Patrick,macaco,Interface: srm,luva2,69
2023-05-11,10:41:29,SRM,14obZG,srm,luva1,Samuel,gato,Interface: srm,luva1,61
2023-05-11,10:41:33,SRM,14obZG,srm,luva1,Samuel,gato,Interface: srm,luva1,102
2023-05-11,10:41:37,SRM,14obZG,srm,luva1,Samuel,gato,Interface: srm,luva1,87
2023-05-11,10:41:41,SRM,14obZG,srm,luva1,Samuel,gato,Interface: srm,luva1,81
2023-05-11,10:41:47,SRM,14obZG,srm,luva1,Samuel,gato,Interface: srm,luva1,74
2023-05-11,10:41:51,SRM,14obZG,srm,luva1,Samuel,gato,Interface: srm,luva1,74
2023-05-11,10:41:55,SRM,14obZG,srm,luva1,Samuel,gato,Interface: srm,luva1,61
2023-05-11,10:42:14,SRM,14obZG,srm,luva1,Samuel,gato,Interface: srm,luva1,61
2023-05-11,10:42:15,SRM,08tsLO,web,,joao pedro,lobo,Interface: desenho,Fez login e iniciou os cookies com (08tsLO) (joao pedro) e (lobo),
2023-05-11,10:42:15,SRM,08tsLO,web,,joao pedro,lobo,Interface: desenho,Reconectou - Atualização de página - F5,
2023-05-11,10:42:15,SRM,08tsLO,web,,joao pedro,lobo,Interface: socket.io,entrou na sala - Registrou participante no socket.io,
2023-05-11,10:42:18,SRM,14obZG,srm,luva1,Samuel,gato,Interface: srm,luva1,83
2023-05-11,10:42:22,SRM,14obZG,srm,luva1,Samuel,gato,Interface: srm,luva1,72
2023-05-11,10:42:26,SRM,14obZG,srm,luva1,Samuel,gato,Interface: srm,luva1,89
2023-05-11,10:42:30,SRM,14obZG,srm,luva1,Samuel,gato,Interface: srm,luva1,78
2023-05-11,10:42:34,SRM,14obZG,srm,luva1,Samuel,gato,Interface: srm,luva1,73
2023-05-11,10:42:38,SRM,14obZG,srm,luva1,Samuel,gato,Interface: srm,luva1,79
2023-05-11,10:42:38,SRM,27ueFI,srm,luva2,Patrick,macaco,Interface: srm,luva2,62
2023-05-11,10:42:42,SRM,14obZG,srm,luva1,Samuel,gato,Interface: srm,luva1,79
2023-05-11,10:42:46,SRM,14obZG,srm,luva1,Samuel,gato,Interface: srm,luva1,80
2023-05-11,10:42:50,SRM,14obZG,srm,luva1,Samuel,gato,Interface: srm,luva1,78
2023-05-11,10:42:54,SRM,14obZG,srm,luva1,Samuel,gato,Interface: srm,luva1,74
2023-05-11,10:42:58,SRM,14obZG,srm,luva1,Samuel,gato,Interface: srm,luva1,74
2023-05-11,10:43:02,SRM,14obZG,srm,luva1,Samuel,gato,Interface: srm,luva1,93
2023-05-11,10:43:06,SRM,14obZG,srm,luva1,Samuel,gato,Interface: srm,luva1,85
2023-05-11,10:43:10,SRM,14obZG,srm,luva1,Samuel,gato,Interface: srm,luva1,93
2023-05-11,10:43:14,SRM,14obZG,srm,luva1,Samuel,gato,Interface: srm,luva1,81
2023-05-11,10:43:18,SRM,14obZG,srm,luva1,Samuel,gato,Interface: srm,luva1,79
2023-05-11,10:43:22,SRM,14obZG,srm,luva1,Samuel,gato,Interface: srm,luva1,76
2023-05-11,10:43:31,SRM,14obZG,srm,luva1,Samuel,gato,Interface: srm,luva1,63
2023-05-11,10:43:39,SRM,14obZG,srm,luva1,Samuel,gato,Interface: srm,luva1,61
2023-05-11,10:43:43,SRM,14obZG,srm,luva1,Samuel,gato,Interface: srm,luva1,72
2023-05-11,10:43:47,SRM,14obZG,srm,luva1,Samuel,gato,Interface: srm,luva1,93
2023-05-11,10:43:51,SRM,14obZG,srm,luva1,Samuel,gato,Interface: srm,luva1,106
2023-05-11,10:43:54,SRM,66mrYL,web,,jose,cachorro,Interface: desenho,Fez login e iniciou os cookies com (66mrYL) (jose) e (cachorro),
2023-05-11,10:43:54,SRM,66mrYL,web,,jose,cachorro,Interface: desenho,Reconectou - Atualização de página - F5,
2023-05-11,10:43:55,SRM,66mrYL,web,,jose,cachorro,Interface: socket.io,entrou na sala - Registrou participante no socket.io,
2023-05-11,10:43:55,SRM,14obZG,srm,luva1,Samuel,gato,Interface: srm,luva1,88
2023-05-11,10:44:03,SRM,14obZG,srm,luva1,Samuel,gato,Interface: srm,luva1,74
2023-05-11,10:44:08,SRM,14obZG,srm,luva1,Samuel,gato,Interface: srm,luva1,74
2023-05-11,10:44:11,SRM,14obZG,srm,luva1,Samuel,gato,Interface: srm,luva1,94
2023-05-11,10:44:16,SRM,14obZG,srm,luva1,Samuel,gato,Interface: srm,luva1,87
2023-05-11,10:44:20,SRM,14obZG,srm,luva1,Samuel,gato,Interface: srm,luva1,83
2023-05-11,10:44:24,SRM,14obZG,srm,luva1,Samuel,gato,Interface: srm,luva1,82
2023-05-11,10:44:28,SRM,14obZG,srm,luva1,Samuel,gato,Interface: srm,luva1,82
2023-05-11,10:44:32,SRM,14obZG,srm,luva1,Samuel,gato,Interface: srm,luva1,82
2023-05-11,10:44:37,SRM,14obZG,srm,luva1,Samuel,gato,Interface: srm,luva1,75
2023-05-11,10:44:41,SRM,14obZG,srm,luva1,Samuel,gato,Interface: srm,luva1,81
2023-05-11,10:44:45,SRM,14obZG,srm,luva1,Samuel,gato,Interface: srm,luva1,96
2023-05-11,10:44:46,SRM,27ueFI,srm,luva2,Patrick,macaco,Interface: srm,luva2,63
2023-05-11,10:44:49,SRM,14obZG,srm,luva1,Samuel,gato,Interface: srm,luva1,86
2023-05-11,10:44:50,SRM,27ueFI,srm,luva2,Patrick,macaco,Interface: srm,luva2,63
2023-05-11,10:44:53,SRM,14obZG,srm,luva1,Samuel,gato,Interface: srm,luva1,92
2023-05-11,10:44:54,SRM,27ueFI,srm,luva2,Patrick,macaco,Interface: srm,luva2,63
2023-05-11,10:44:57,SRM,14obZG,srm,luva1,Samuel,gato,Interface: srm,luva1,92
2023-05-11,10:44:58,SRM,27ueFI,srm,luva2,Patrick,macaco,Interface: srm,luva2,74
2023-05-11,10:45:01,SRM,14obZG,srm,luva1,Samuel,gato,Interface: srm,luva1,70
2023-05-11,10:45:02,SRM,27ueFI,srm,luva2,Patrick,macaco,Interface: srm,luva2,62
2023-05-11,10:45:05,SRM,14obZG,srm,luva1,Samuel,gato,Interface: srm,luva1,78
2023-05-11,10:45:06,SRM,27ueFI,srm,luva2,Patrick,macaco,Interface: srm,luva2,64
2023-05-11,10:45:09,SRM,14obZG,srm,luva1,Samuel,gato,Interface: srm,luva1,82
2023-05-11,10:45:10,SRM,27ueFI,srm,luva2,Patrick,macaco,Interface: srm,luva2,64
2023-05-11,10:45:13,SRM,14obZG,srm,luva1,Samuel,gato,Interface: srm,luva1,82
2023-05-11,10:45:14,SRM,27ueFI,srm,luva2,Patrick,macaco,Interface: srm,luva2,62
2023-05-11,10:45:18,SRM,27ueFI,srm,luva2,Patrick,macaco,Interface: srm,luva2,62
2023-05-11,10:45:22,SRM,27ueFI,srm,luva2,Patrick,macaco,Interface: srm,luva2,62
2023-05-11,10:45:26,SRM,27ueFI,srm,luva2,Patrick,macaco,Interface: srm,luva2,62
2023-05-11,10:45:35,SRM,14obZG,srm,luva1,Samuel,gato,Interface: srm,luva1,63
2023-05-11,10:45:39,SRM,14obZG,srm,luva1,Samuel,gato,Interface: srm,luva1,63
2023-05-11,10:45:43,SRM,14obZG,srm,luva1,Samuel,gato,Interface: srm,luva1,87
2023-05-11,10:45:47,SRM,14obZG,srm,luva1,Samuel,gato,Interface: srm,luva1,91
2023-05-11,10:45:47,SRM,27ueFI,srm,luva2,Patrick,macaco,Interface: srm,luva2,65
2023-05-11,10:45:51,SRM,14obZG,srm,luva1,Samuel,gato,Interface: srm,luva1,88
2023-05-11,10:45:51,SRM,27ueFI,srm,luva2,Patrick,macaco,Interface: srm,luva2,67
2023-05-11,10:45:55,SRM,27ueFI,srm,luva2,Patrick,macaco,Interface: srm,luva2,67
2023-05-11,10:45:59,SRM,27ueFI,srm,luva2,Patrick,macaco,Interface: srm,luva2,70
2023-05-11,10:46:04,SRM,14obZG,srm,luva1,Samuel,gato,Interface: srm,luva1,64
2023-05-11,10:46:04,SRM,27ueFI,srm,luva2,Patrick,macaco,Interface: srm,luva2,65
2023-05-11,10:46:08,SRM,14obZG,srm,luva1,Samuel,gato,Interface: srm,luva1,91
2023-05-11,10:46:12,SRM,27ueFI,srm,luva2,Patrick,macaco,Interface: srm,luva2,64
2023-05-11,10:46:12,SRM,14obZG,srm,luva1,Samuel,gato,Interface: srm,luva1,91
2023-05-11,10:46:16,SRM,27ueFI,srm,luva2,Patrick,macaco,Interface: srm,luva2,64
2023-05-11,10:46:16,SRM,14obZG,srm,luva1,Samuel,gato,Interface: srm,luva1,75
2023-05-11,10:46:20,SRM,27ueFI,srm,luva2,Patrick,macaco,Interface: srm,luva2,64
2023-05-11,10:46:20,SRM,14obZG,srm,luva1,Samuel,gato,Interface: srm,luva1,79
2023-05-11,10:46:24,SRM,27ueFI,srm,luva2,Patrick,macaco,Interface: srm,luva2,67
2023-05-11,10:46:27,SRM,14obZG,srm,luva1,Samuel,gato,Interface: srm,luva1,74
2023-05-11,10:46:31,SRM,14obZG,srm,luva1,Samuel,gato,Interface: srm,luva1,74
2023-05-11,10:46:35,SRM,14obZG,srm,luva1,Samuel,gato,Interface: srm,luva1,74
2023-05-11,10:46:39,SRM,14obZG,srm,luva1,Samuel,gato,Interface: srm,luva1,69
2023-05-11,10:46:43,SRM,14obZG,srm,luva1,Samuel,gato,Interface: srm,luva1,76
2023-05-11,10:46:51,SRM,14obZG,srm,luva1,Samuel,gato,Interface: srm,luva1,62
2023-05-11,10:46:55,SRM,14obZG,srm,luva1,Samuel,gato,Interface: srm,luva1,68
2023-05-11,10:46:59,SRM,14obZG,srm,luva1,Samuel,gato,Interface: srm,luva1,92
2023-05-11,10:47:02,SRM,27ueFI,srm,luva2,Patrick,macaco,Interface: srm,luva2,72
2023-05-11,10:47:03,SRM,14obZG,srm,luva1,Samuel,gato,Interface: srm,luva1,74
2023-05-11,10:47:06,SRM,27ueFI,srm,luva2,Patrick,macaco,Interface: srm,luva2,72
2023-05-11,10:47:07,SRM,14obZG,srm,luva1,Samuel,gato,Interface: srm,luva1,67
2023-05-11,10:47:10,SRM,27ueFI,srm,luva2,Patrick,macaco,Interface: srm,luva2,88
2023-05-11,10:47:11,SRM,14obZG,srm,luva1,Samuel,gato,Interface: srm,luva1,73
2023-05-11,10:47:14,SRM,27ueFI,srm,luva2,Patrick,macaco,Interface: srm,luva2,85
2023-05-11,10:47:18,SRM,27ueFI,srm,luva2,Patrick,macaco,Interface: srm,luva2,64
2023-05-11,10:47:22,SRM,14obZG,srm,luva1,Samuel,gato,Interface: srm,luva1,91
2023-05-11,10:47:26,SRM,14obZG,srm,luva1,Samuel,gato,Interface: srm,luva1,91
2023-05-11,10:47:29,SRM,27ueFI,srm,luva2,Patrick,macaco,Interface: srm,luva2,62
2023-05-11,10:47:30,SRM,14obZG,srm,luva1,Samuel,gato,Interface: srm,luva1,91
2023-05-11,10:47:33,SRM,27ueFI,srm,luva2,Patrick,macaco,Interface: srm,luva2,75
2023-05-11,10:47:34,SRM,14obZG,srm,luva1,Samuel,gato,Interface: srm,luva1,78
2023-05-11,10:47:35,SRM,27ueFI,srm,luva2,Patrick,macaco,Interface: socket.io,saiu da sala ou perdeu conexao,
2023-05-11,10:47:36,SRM,27ueFI,srm,luva2,Patrick,macaco,Interface: desenho,Reconectou - Atualização de página - F5,
2023-05-11,10:47:38,SRM,14obZG,srm,luva1,Samuel,gato,Interface: srm,luva1,76
2023-05-11,10:47:42,SRM,14obZG,srm,luva1,Samuel,gato,Interface: srm,luva1,69
2023-05-11,10:47:48,SRM,27ueFI,srm,luva2,Patrick,macaco,Interface: socket.io,entrou na sala - Registrou participante no socket.io,
2023-05-11,10:47:50,SRM,27ueFI,srm,luva2,Patrick,macaco,Interface: srm,luva2,91
2023-05-11,10:47:50,SRM,14obZG,srm,luva1,Samuel,gato,Interface: srm,luva1,61
2023-05-11,10:47:54,SRM,27ueFI,srm,luva2,Patrick,macaco,Interface: srm,luva2,80
2023-05-11,10:47:54,SRM,14obZG,srm,luva1,Samuel,gato,Interface: srm,luva1,63
2023-05-11,10:47:58,SRM,27ueFI,srm,luva2,Patrick,macaco,Interface: srm,luva2,78
2023-05-11,10:48:02,SRM,27ueFI,srm,luva2,Patrick,macaco,Interface: srm,luva2,82
2023-05-11,10:48:06,SRM,27ueFI,srm,luva2,Patrick,macaco,Interface: srm,luva2,70
2023-05-11,10:48:10,SRM,27ueFI,srm,luva2,Patrick,macaco,Interface: srm,luva2,108
2023-05-11,10:48:14,SRM,27ueFI,srm,luva2,Patrick,macaco,Interface: srm,luva2,88
2023-05-11,10:48:18,SRM,27ueFI,srm,luva2,Patrick,macaco,Interface: srm,luva2,94
2023-05-11,10:48:22,SRM,27ueFI,srm,luva2,Patrick,macaco,Interface: srm,luva2,86
2023-05-11,10:48:26,SRM,27ueFI,srm,luva2,Patrick,macaco,Interface: srm,luva2,75
2023-05-11,10:48:30,SRM,14obZG,srm,luva1,Samuel,gato,Interface: srm,luva1,70
2023-05-11,10:48:30,SRM,27ueFI,srm,luva2,Patrick,macaco,Interface: srm,luva2,63
2023-05-11,10:48:34,SRM,14obZG,srm,luva1,Samuel,gato,Interface: srm,luva1,105
2023-05-11,10:48:34,SRM,27ueFI,srm,luva2,Patrick,macaco,Interface: srm,luva2,63
2023-05-11,10:48:38,SRM,14obZG,srm,luva1,Samuel,gato,Interface: srm,luva1,64
2023-05-11,10:48:42,SRM,14obZG,srm,luva1,Samuel,gato,Interface: srm,luva1,71
2023-05-11,10:48:46,SRM,14obZG,srm,luva1,Samuel,gato,Interface: srm,luva1,87
2023-05-11,10:48:50,SRM,14obZG,srm,luva1,Samuel,gato,Interface: srm,luva1,69
2023-05-11,10:48:54,SRM,14obZG,srm,luva1,Samuel,gato,Interface: srm,luva1,69
2023-05-11,10:48:54,SRM,27ueFI,srm,luva2,Patrick,macaco,Interface: srm,luva2,64
2023-05-11,10:48:58,SRM,14obZG,srm,luva1,Samuel,gato,Interface: srm,luva1,69
2023-05-11,10:48:59,SRM,27ueFI,srm,luva2,Patrick,macaco,Interface: srm,luva2,67
2023-05-11,10:49:02,SRM,14obZG,srm,luva1,Samuel,gato,Interface: srm,luva1,61
2023-05-11,10:49:02,SRM,27ueFI,srm,luva2,Patrick,macaco,Interface: srm,luva2,72
2023-05-11,10:49:06,SRM,14obZG,srm,luva1,Samuel,gato,Interface: srm,luva1,88
2023-05-11,10:49:07,SRM,27ueFI,srm,luva2,Patrick,macaco,Interface: srm,luva2,83
2023-05-11,10:49:10,SRM,14obZG,srm,luva1,Samuel,gato,Interface: srm,luva1,84
2023-05-11,10:49:11,SRM,27ueFI,srm,luva2,Patrick,macaco,Interface: srm,luva2,74
2023-05-11,10:49:14,SRM,14obZG,srm,luva1,Samuel,gato,Interface: srm,luva1,63
2023-05-11,10:49:15,SRM,27ueFI,srm,luva2,Patrick,macaco,Interface: srm,luva2,74
2023-05-11,10:49:18,SRM,14obZG,srm,luva1,Samuel,gato,Interface: srm,luva1,70
2023-05-11,10:49:19,SRM,27ueFI,srm,luva2,Patrick,macaco,Interface: srm,luva2,87
2023-05-11,10:49:22,SRM,14obZG,srm,luva1,Samuel,gato,Interface: srm,luva1,81
2023-05-11,10:49:23,SRM,27ueFI,srm,luva2,Patrick,macaco,Interface: srm,luva2,86
2023-05-11,10:49:26,SRM,14obZG,srm,luva1,Samuel,gato,Interface: srm,luva1,69
2023-05-11,10:49:27,SRM,27ueFI,srm,luva2,Patrick,macaco,Interface: srm,luva2,85
2023-05-11,10:49:30,SRM,14obZG,srm,luva1,Samuel,gato,Interface: srm,luva1,85
2023-05-11,10:49:31,SRM,27ueFI,srm,luva2,Patrick,macaco,Interface: srm,luva2,83
2023-05-11,10:49:34,SRM,14obZG,srm,luva1,Samuel,gato,Interface: srm,luva1,88
2023-05-11,10:49:35,SRM,27ueFI,srm,luva2,Patrick,macaco,Interface: srm,luva2,83
2023-05-11,10:49:38,SRM,14obZG,srm,luva1,Samuel,gato,Interface: srm,luva1,88
2023-05-11,10:49:39,SRM,27ueFI,srm,luva2,Patrick,macaco,Interface: srm,luva2,84
2023-05-11,10:49:42,SRM,14obZG,srm,luva1,Samuel,gato,Interface: srm,luva1,88
2023-05-11,10:49:43,SRM,27ueFI,srm,luva2,Patrick,macaco,Interface: srm,luva2,83
2023-05-11,10:49:46,SRM,14obZG,srm,luva1,Samuel,gato,Interface: srm,luva1,88
2023-05-11,10:49:47,SRM,27ueFI,srm,luva2,Patrick,macaco,Interface: srm,luva2,88
2023-05-11,10:49:50,SRM,14obZG,srm,luva1,Samuel,gato,Interface: srm,luva1,88
2023-05-11,10:49:51,SRM,27ueFI,srm,luva2,Patrick,macaco,Interface: srm,luva2,86
2023-05-11,10:49:54,SRM,34xeTR,web,,p.Emanuel,raposa,Interface: desenho,Fez login e iniciou os cookies com (34xeTR) (p.Emanuel) e (raposa),
2023-05-11,10:49:54,SRM,34xeTR,web,,p.Emanuel,raposa,Interface: desenho,Reconectou - Atualização de página - F5,
2023-05-11,10:49:54,SRM,34xeTR,web,,p.Emanuel,raposa,Interface: socket.io,entrou na sala - Registrou participante no socket.io,
2023-05-11,10:49:54,SRM,14obZG,srm,luva1,Samuel,gato,Interface: srm,luva1,86
2023-05-11,10:49:55,SRM,27ueFI,srm,luva2,Patrick,macaco,Interface: srm,luva2,86
2023-05-11,10:49:58,SRM,14obZG,srm,luva1,Samuel,gato,Interface: srm,luva1,78
2023-05-11,10:49:59,SRM,27ueFI,srm,luva2,Patrick,macaco,Interface: srm,luva2,86
2023-05-11,10:50:02,SRM,14obZG,srm,luva1,Samuel,gato,Interface: srm,luva1,86
2023-05-11,10:50:03,SRM,27ueFI,srm,luva2,Patrick,macaco,Interface: srm,luva2,91
2023-05-11,10:50:06,SRM,14obZG,srm,luva1,Samuel,gato,Interface: srm,luva1,83
2023-05-11,10:50:07,SRM,27ueFI,srm,luva2,Patrick,macaco,Interface: srm,luva2,89
2023-05-11,10:50:10,SRM,14obZG,srm,luva1,Samuel,gato,Interface: srm,luva1,82
2023-05-11,10:50:11,SRM,27ueFI,srm,luva2,Patrick,macaco,Interface: srm,luva2,86
2023-05-11,10:50:14,SRM,14obZG,srm,luva1,Samuel,gato,Interface: srm,luva1,65
2023-05-11,10:50:15,SRM,27ueFI,srm,luva2,Patrick,macaco,Interface: srm,luva2,87
2023-05-11,10:50:18,SRM,14obZG,srm,luva1,Samuel,gato,Interface: srm,luva1,65
2023-05-11,10:50:19,SRM,27ueFI,srm,luva2,Patrick,macaco,Interface: srm,luva2,88
2023-05-11,10:50:22,SRM,14obZG,srm,luva1,Samuel,gato,Interface: srm,luva1,87
2023-05-11,10:50:23,SRM,27ueFI,srm,luva2,Patrick,macaco,Interface: srm,luva2,82
2023-05-11,10:50:27,SRM,14obZG,srm,luva1,Samuel,gato,Interface: srm,luva1,77
2023-05-11,10:50:27,SRM,27ueFI,srm,luva2,Patrick,macaco,Interface: srm,luva2,82
2023-05-11,10:50:31,SRM,14obZG,srm,luva1,Samuel,gato,Interface: srm,luva1,80
2023-05-11,10:50:31,SRM,27ueFI,srm,luva2,Patrick,macaco,Interface: srm,luva2,61
2023-05-11,10:50:35,SRM,14obZG,srm,luva1,Samuel,gato,Interface: srm,luva1,63
2023-05-11,10:50:35,SRM,27ueFI,srm,luva2,Patrick,macaco,Interface: srm,luva2,91
2023-05-11,10:50:39,SRM,14obZG,srm,luva1,Samuel,gato,Interface: srm,luva1,80
2023-05-11,10:50:39,SRM,27ueFI,srm,luva2,Patrick,macaco,Interface: srm,luva2,97
2023-05-11,10:50:43,SRM,27ueFI,srm,luva2,Patrick,macaco,Interface: srm,luva2,90
2023-05-11,10:50:47,SRM,27ueFI,srm,luva2,Patrick,macaco,Interface: srm,luva2,69
2023-05-11,10:50:51,SRM,14obZG,srm,luva1,Samuel,gato,Interface: srm,luva1,71
2023-05-11,10:50:52,SRM,27ueFI,srm,luva2,Patrick,macaco,Interface: srm,luva2,67
2023-05-11,10:50:55,SRM,14obZG,srm,luva1,Samuel,gato,Interface: srm,luva1,71
2023-05-11,10:50:56,SRM,27ueFI,srm,luva2,Patrick,macaco,Interface: srm,luva2,61
2023-05-11,10:50:59,SRM,14obZG,srm,luva1,Samuel,gato,Interface: srm,luva1,84
2023-05-11,10:51:00,SRM,27ueFI,srm,luva2,Patrick,macaco,Interface: srm,luva2,65
2023-05-11,10:51:03,SRM,14obZG,srm,luva1,Samuel,gato,Interface: srm,luva1,65
2023-05-11,10:51:04,SRM,27ueFI,srm,luva2,Patrick,macaco,Interface: srm,luva2,61
2023-05-11,10:51:08,SRM,27ueFI,srm,luva2,Patrick,macaco,Interface: srm,luva2,68
2023-05-11,10:51:10,SRM,14obZG,srm,luva1,Samuel,gato,Interface: srm,luva1,64
2023-05-11,10:51:12,SRM,27ueFI,srm,luva2,Patrick,macaco,Interface: srm,luva2,68
2023-05-11,10:51:14,SRM,14obZG,srm,luva1,Samuel,gato,Interface: srm,luva1,74
2023-05-11,10:51:16,SRM,27ueFI,srm,luva2,Patrick,macaco,Interface: srm,luva2,68
2023-05-11,10:51:18,SRM,14obZG,srm,luva1,Samuel,gato,Interface: srm,luva1,70
2023-05-11,10:51:20,SRM,27ueFI,srm,luva2,Patrick,macaco,Interface: srm,luva2,76
2023-05-11,10:51:22,SRM,14obZG,srm,luva1,Samuel,gato,Interface: srm,luva1,94
2023-05-11,10:51:24,SRM,27ueFI,srm,luva2,Patrick,macaco,Interface: srm,luva2,76
2023-05-11,10:51:26,SRM,14obZG,srm,luva1,Samuel,gato,Interface: srm,luva1,88
2023-05-11,10:51:28,SRM,27ueFI,srm,luva2,Patrick,macaco,Interface: srm,luva2,72
2023-05-11,10:51:30,SRM,14obZG,srm,luva1,Samuel,gato,Interface: srm,luva1,70
2023-05-11,10:51:34,SRM,14obZG,srm,luva1,Samuel,gato,Interface: srm,luva1,74
2023-05-11,10:51:35,SRM,27ueFI,srm,luva2,Patrick,macaco,Interface: srm,luva2,71
2023-05-11,10:51:38,SRM,14obZG,srm,luva1,Samuel,gato,Interface: srm,luva1,65
2023-05-11,10:51:39,SRM,27ueFI,srm,luva2,Patrick,macaco,Interface: srm,luva2,74
2023-05-11,10:51:42,SRM,14obZG,srm,luva1,Samuel,gato,Interface: srm,luva1,86
2023-05-11,10:51:46,SRM,14obZG,srm,luva1,Samuel,gato,Interface: srm,luva1,83
2023-05-11,10:51:48,SRM,27ueFI,srm,luva2,Patrick,macaco,Interface: srm,luva2,70
2023-05-11,10:51:50,SRM,14obZG,srm,luva1,Samuel,gato,Interface: srm,luva1,67
2023-05-11,10:51:54,SRM,14obZG,srm,luva1,Samuel,gato,Interface: srm,luva1,77
2023-05-11,10:51:58,SRM,14obZG,srm,luva1,Samuel,gato,Interface: srm,luva1,86
2023-05-11,10:52:02,SRM,14obZG,srm,luva1,Samuel,gato,Interface: srm,luva1,70
2023-05-11,10:52:02,SRM,27ueFI,srm,luva2,Patrick,macaco,Interface: srm,luva2,66
2023-05-11,10:52:06,SRM,14obZG,srm,luva1,Samuel,gato,Interface: srm,luva1,69
2023-05-11,10:52:07,SRM,27ueFI,srm,luva2,Patrick,macaco,Interface: srm,luva2,74
2023-05-11,10:52:10,SRM,14obZG,srm,luva1,Samuel,gato,Interface: srm,luva1,71
2023-05-11,10:52:11,SRM,27ueFI,srm,luva2,Patrick,macaco,Interface: srm,luva2,71
2023-05-11,10:52:14,SRM,14obZG,srm,luva1,Samuel,gato,Interface: srm,luva1,72
2023-05-11,10:52:15,SRM,27ueFI,srm,luva2,Patrick,macaco,Interface: srm,luva2,87
2023-05-11,10:52:18,SRM,14obZG,srm,luva1,Samuel,gato,Interface: srm,luva1,80
2023-05-11,10:52:19,SRM,27ueFI,srm,luva2,Patrick,macaco,Interface: srm,luva2,67
2023-05-11,10:52:22,SRM,14obZG,srm,luva1,Samuel,gato,Interface: srm,luva1,71
2023-05-11,10:52:23,SRM,27ueFI,srm,luva2,Patrick,macaco,Interface: srm,luva2,63
2023-05-11,10:52:26,SRM,14obZG,srm,luva1,Samuel,gato,Interface: srm,luva1,83
2023-05-11,10:52:27,SRM,27ueFI,srm,luva2,Patrick,macaco,Interface: srm,luva2,66
2023-05-11,10:52:30,SRM,14obZG,srm,luva1,Samuel,gato,Interface: srm,luva1,75
2023-05-11,10:52:31,SRM,27ueFI,srm,luva2,Patrick,macaco,Interface: srm,luva2,71
2023-05-11,10:52:33,SRM,14obZG,srm,luva1,Samuel,gato,Interface: socket.io,saiu da sala ou perdeu conexao,
2023-05-11,10:52:34,SRM,14obZG,srm,luva1,Samuel,gato,Interface: socket.io,entrou na sala - Registrou participante no socket.io,
2023-05-11,10:52:34,SRM,14obZG,srm,luva1,Samuel,gato,Interface: srm,luva1,81
2023-05-11,10:52:35,SRM,27ueFI,srm,luva2,Patrick,macaco,Interface: srm,luva2,78
2023-05-11,10:52:38,SRM,14obZG,srm,luva1,Samuel,gato,Interface: srm,luva1,61
2023-05-11,10:52:39,SRM,27ueFI,srm,luva2,Patrick,macaco,Interface: srm,luva2,70
2023-05-11,10:52:42,SRM,14obZG,srm,luva1,Samuel,gato,Interface: srm,luva1,69
2023-05-11,10:52:43,SRM,27ueFI,srm,luva2,Patrick,macaco,Interface: srm,luva2,79
2023-05-11,10:52:47,SRM,14obZG,srm,luva1,Samuel,gato,Interface: srm,luva1,79
2023-05-11,10:52:47,SRM,27ueFI,srm,luva2,Patrick,macaco,Interface: srm,luva2,72
2023-05-11,10:52:51,SRM,14obZG,srm,luva1,Samuel,gato,Interface: srm,luva1,83
2023-05-11,10:52:51,SRM,27ueFI,srm,luva2,Patrick,macaco,Interface: srm,luva2,71
2023-05-11,10:52:55,SRM,14obZG,srm,luva1,Samuel,gato,Interface: srm,luva1,84
2023-05-11,10:52:55,SRM,27ueFI,srm,luva2,Patrick,macaco,Interface: srm,luva2,69
2023-05-11,10:52:59,SRM,14obZG,srm,luva1,Samuel,gato,Interface: srm,luva1,80
2023-05-11,10:52:59,SRM,27ueFI,srm,luva2,Patrick,macaco,Interface: srm,luva2,69
2023-05-11,10:53:03,SRM,14obZG,srm,luva1,Samuel,gato,Interface: srm,luva1,85
2023-05-11,10:53:03,SRM,27ueFI,srm,luva2,Patrick,macaco,Interface: srm,luva2,69
2023-05-11,10:53:07,SRM,14obZG,srm,luva1,Samuel,gato,Interface: srm,luva1,78
2023-05-11,10:53:07,SRM,27ueFI,srm,luva2,Patrick,macaco,Interface: srm,luva2,69
2023-05-11,10:53:11,SRM,14obZG,srm,luva1,Samuel,gato,Interface: srm,luva1,84
2023-05-11,10:53:11,SRM,27ueFI,srm,luva2,Patrick,macaco,Interface: srm,luva2,69
2023-05-11,10:53:15,SRM,14obZG,srm,luva1,Samuel,gato,Interface: srm,luva1,77
2023-05-11,10:53:15,SRM,27ueFI,srm,luva2,Patrick,macaco,Interface: srm,luva2,69
2023-05-11,10:53:19,SRM,14obZG,srm,luva1,Samuel,gato,Interface: srm,luva1,63
2023-05-11,10:53:23,SRM,14obZG,srm,luva1,Samuel,gato,Interface: srm,luva1,81
2023-05-11,10:53:26,SRM,27ueFI,srm,luva2,Patrick,macaco,Interface: srm,luva2,61
2023-05-11,10:53:27,SRM,14obZG,srm,luva1,Samuel,gato,Interface: srm,luva1,64
2023-05-11,10:53:30,SRM,27ueFI,srm,luva2,Patrick,macaco,Interface: srm,luva2,61
2023-05-11,10:53:31,SRM,14obZG,srm,luva1,Samuel,gato,Interface: srm,luva1,84
2023-05-11,10:53:34,SRM,27ueFI,srm,luva2,Patrick,macaco,Interface: srm,luva2,61
2023-05-11,10:53:35,SRM,14obZG,srm,luva1,Samuel,gato,Interface: srm,luva1,70
2023-05-11,10:53:38,SRM,27ueFI,srm,luva2,Patrick,macaco,Interface: srm,luva2,61
2023-05-11,10:53:39,SRM,14obZG,srm,luva1,Samuel,gato,Interface: srm,luva1,70
2023-05-11,10:53:42,SRM,27ueFI,srm,luva2,Patrick,macaco,Interface: srm,luva2,61
2023-05-11,10:53:43,SRM,14obZG,srm,luva1,Samuel,gato,Interface: srm,luva1,70
2023-05-11,10:53:46,SRM,27ueFI,srm,luva2,Patrick,macaco,Interface: srm,luva2,61
2023-05-11,10:53:47,SRM,14obZG,srm,luva1,Samuel,gato,Interface: srm,luva1,73
2023-05-11,10:53:50,SRM,27ueFI,srm,luva2,Patrick,macaco,Interface: srm,luva2,61
2023-05-11,10:53:51,SRM,14obZG,srm,luva1,Samuel,gato,Interface: srm,luva1,90
2023-05-11,10:53:54,SRM,27ueFI,srm,luva2,Patrick,macaco,Interface: srm,luva2,70
2023-05-11,10:53:55,SRM,14obZG,srm,luva1,Samuel,gato,Interface: srm,luva1,74
2023-05-11,10:53:58,SRM,27ueFI,srm,luva2,Patrick,macaco,Interface: srm,luva2,66
2023-05-11,10:53:59,SRM,14obZG,srm,luva1,Samuel,gato,Interface: srm,luva1,75
2023-05-11,10:54:03,SRM,14obZG,srm,luva1,Samuel,gato,Interface: srm,luva1,83
2023-05-11,10:54:04,SRM,27ueFI,srm,luva2,Patrick,macaco,Interface: srm,luva2,71
2023-05-11,10:54:07,SRM,14obZG,srm,luva1,Samuel,gato,Interface: srm,luva1,76
2023-05-11,10:54:08,SRM,27ueFI,srm,luva2,Patrick,macaco,Interface: srm,luva2,67
2023-05-11,10:54:11,SRM,14obZG,srm,luva1,Samuel,gato,Interface: srm,luva1,76
2023-05-11,10:54:15,SRM,27ueFI,srm,luva2,Patrick,macaco,Interface: srm,luva2,72
2023-05-11,10:54:15,SRM,14obZG,srm,luva1,Samuel,gato,Interface: srm,luva1,78
2023-05-11,10:54:19,SRM,27ueFI,srm,luva2,Patrick,macaco,Interface: srm,luva2,65
2023-05-11,10:54:19,SRM,38igWL,web,,Rafela e Augusto,urso,Interface: desenho,Fez login e iniciou os cookies com (38igWL) (Rafela e Augusto) e (urso),
2023-05-11,10:54:19,SRM,38igWL,web,,Rafela e Augusto,urso,Interface: desenho,Reconectou - Atualização de página - F5,
2023-05-11,10:54:19,SRM,14obZG,srm,luva1,Samuel,gato,Interface: srm,luva1,100
2023-05-11,10:54:23,SRM,27ueFI,srm,luva2,Patrick,macaco,Interface: srm,luva2,87
2023-05-11,10:54:24,SRM,14obZG,srm,luva1,Samuel,gato,Interface: srm,luva1,65
2023-05-11,10:54:27,SRM,27ueFI,srm,luva2,Patrick,macaco,Interface: srm,luva2,70
2023-05-11,10:54:28,SRM,14obZG,srm,luva1,Samuel,gato,Interface: srm,luva1,78
2023-05-11,10:54:31,SRM,38igWL,web,,Rafela e Augusto,urso,Interface: socket.io,entrou na sala - Registrou participante no socket.io,
2023-05-11,10:54:31,SRM,27ueFI,srm,luva2,Patrick,macaco,Interface: srm,luva2,63
2023-05-11,10:54:32,SRM,14obZG,srm,luva1,Samuel,gato,Interface: srm,luva1,78
2023-05-11,10:54:35,SRM,27ueFI,srm,luva2,Patrick,macaco,Interface: srm,luva2,75
2023-05-11,10:54:36,SRM,14obZG,srm,luva1,Samuel,gato,Interface: srm,luva1,78
2023-05-11,10:54:39,SRM,27ueFI,srm,luva2,Patrick,macaco,Interface: srm,luva2,75
2023-05-11,10:54:40,SRM,14obZG,srm,luva1,Samuel,gato,Interface: srm,luva1,101
2023-05-11,10:54:43,SRM,27ueFI,srm,luva2,Patrick,macaco,Interface: srm,luva2,90
2023-05-11,10:54:44,SRM,14obZG,srm,luva1,Samuel,gato,Interface: srm,luva1,90
2023-05-11,10:54:47,SRM,27ueFI,srm,luva2,Patrick,macaco,Interface: srm,luva2,82
2023-05-11,10:54:50,SRM,14obZG,srm,luva1,Samuel,gato,Interface: srm,luva1,68
2023-05-11,10:54:52,SRM,27ueFI,srm,luva2,Patrick,macaco,Interface: srm,luva2,61
2023-05-11,10:54:54,SRM,14obZG,srm,luva1,Samuel,gato,Interface: srm,luva1,86
2023-05-11,10:54:56,SRM,27ueFI,srm,luva2,Patrick,macaco,Interface: srm,luva2,74
2023-05-11,10:54:58,SRM,14obZG,srm,luva1,Samuel,gato,Interface: srm,luva1,68
2023-05-11,10:55:00,SRM,27ueFI,srm,luva2,Patrick,macaco,Interface: srm,luva2,88
2023-05-11,10:55:04,SRM,27ueFI,srm,luva2,Patrick,macaco,Interface: srm,luva2,62
2023-05-11,10:55:05,SRM,14obZG,srm,luva1,Samuel,gato,Interface: srm,luva1,66
2023-05-11,10:55:08,SRM,27ueFI,srm,luva2,Patrick,macaco,Interface: srm,luva2,62
2023-05-11,10:55:09,SRM,14obZG,srm,luva1,Samuel,gato,Interface: srm,luva1,65
2023-05-11,10:55:12,SRM,27ueFI,srm,luva2,Patrick,macaco,Interface: srm,luva2,66
2023-05-11,10:55:13,SRM,14obZG,srm,luva1,Samuel,gato,Interface: srm,luva1,79
2023-05-11,10:55:16,SRM,27ueFI,srm,luva2,Patrick,macaco,Interface: srm,luva2,69
2023-05-11,10:55:17,SRM,14obZG,srm,luva1,Samuel,gato,Interface: srm,luva1,73
2023-05-11,10:55:20,SRM,27ueFI,srm,luva2,Patrick,macaco,Interface: srm,luva2,75
2023-05-11,10:55:21,SRM,14obZG,srm,luva1,Samuel,gato,Interface: srm,luva1,68
2023-05-11,10:55:24,SRM,27ueFI,srm,luva2,Patrick,macaco,Interface: srm,luva2,71
2023-05-11,10:55:25,SRM,14obZG,srm,luva1,Samuel,gato,Interface: srm,luva1,68
2023-05-11,10:55:28,SRM,27ueFI,srm,luva2,Patrick,macaco,Interface: srm,luva2,78
2023-05-11,10:55:29,SRM,14obZG,srm,luva1,Samuel,gato,Interface: srm,luva1,72
2023-05-11,10:55:32,SRM,27ueFI,srm,luva2,Patrick,macaco,Interface: srm,luva2,63
2023-05-11,10:55:33,SRM,14obZG,srm,luva1,Samuel,gato,Interface: srm,luva1,81
2023-05-11,10:55:36,SRM,27ueFI,srm,luva2,Patrick,macaco,Interface: srm,luva2,77
2023-05-11,10:55:37,SRM,14obZG,srm,luva1,Samuel,gato,Interface: srm,luva1,84
2023-05-11,10:55:40,SRM,27ueFI,srm,luva2,Patrick,macaco,Interface: srm,luva2,69
2023-05-11,10:55:41,SRM,14obZG,srm,luva1,Samuel,gato,Interface: srm,luva1,93
2023-05-11,10:55:44,SRM,27ueFI,srm,luva2,Patrick,macaco,Interface: srm,luva2,73
2023-05-11,10:55:45,SRM,14obZG,srm,luva1,Samuel,gato,Interface: srm,luva1,75
2023-05-11,10:55:48,SRM,27ueFI,srm,luva2,Patrick,macaco,Interface: srm,luva2,71
2023-05-11,10:55:52,SRM,27ueFI,srm,luva2,Patrick,macaco,Interface: srm,luva2,68
2023-05-11,10:55:53,SRM,14obZG,srm,luva1,Samuel,gato,Interface: srm,luva1,72
2023-05-11,10:55:56,SRM,27ueFI,srm,luva2,Patrick,macaco,Interface: srm,luva2,62
2023-05-11,10:55:58,SRM,14obZG,srm,luva1,Samuel,gato,Interface: srm,luva1,65
2023-05-11,10:55:58,SRM,38igWL,web,,Rafela e Augusto,urso,Interface: socket.io,saiu da sala ou perdeu conexao,
2023-05-11,10:55:58,SRM,38igWL,web,,Rafela e Augusto,urso,Interface: desenho,Reconectou - Atualização de página - F5,
2023-05-11,10:55:59,SRM,38igWL,web,,Rafela e Augusto,urso,Interface: socket.io,entrou na sala - Registrou participante no socket.io,
2023-05-11,10:56:01,SRM,27ueFI,srm,luva2,Patrick,macaco,Interface: srm,luva2,62
2023-05-11,10:56:02,SRM,14obZG,srm,luva1,Samuel,gato,Interface: srm,luva1,72
2023-05-11,10:56:06,SRM,14obZG,srm,luva1,Samuel,gato,Interface: srm,luva1,80
2023-05-11,10:56:10,SRM,14obZG,srm,luva1,Samuel,gato,Interface: srm,luva1,82
2023-05-11,10:56:11,SRM,27ueFI,srm,luva2,Patrick,macaco,Interface: srm,luva2,61
2023-05-11,10:56:14,SRM,14obZG,srm,luva1,Samuel,gato,Interface: srm,luva1,61
2023-05-11,10:56:15,SRM,27ueFI,srm,luva2,Patrick,macaco,Interface: srm,luva2,74
2023-05-11,10:56:18,SRM,14obZG,srm,luva1,Samuel,gato,Interface: srm,luva1,85
2023-05-11,10:56:19,SRM,27ueFI,srm,luva2,Patrick,macaco,Interface: srm,luva2,64
2023-05-11,10:56:22,SRM,14obZG,srm,luva1,Samuel,gato,Interface: srm,luva1,85
2023-05-11,10:56:23,SRM,27ueFI,srm,luva2,Patrick,macaco,Interface: srm,luva2,64
2023-05-11,10:56:26,SRM,14obZG,srm,luva1,Samuel,gato,Interface: srm,luva1,79
2023-05-11,10:56:27,SRM,27ueFI,srm,luva2,Patrick,macaco,Interface: srm,luva2,68
2023-05-11,10:56:30,SRM,14obZG,srm,luva1,Samuel,gato,Interface: srm,luva1,77
2023-05-11,10:56:32,SRM,27ueFI,srm,luva2,Patrick,macaco,Interface: srm,luva2,69
2023-05-11,10:56:34,SRM,14obZG,srm,luva1,Samuel,gato,Interface: srm,luva1,93
2023-05-11,10:56:36,SRM,27ueFI,srm,luva2,Patrick,macaco,Interface: srm,luva2,69
2023-05-11,10:56:38,SRM,14obZG,srm,luva1,Samuel,gato,Interface: srm,luva1,83
2023-05-11,10:56:40,SRM,27ueFI,srm,luva2,Patrick,macaco,Interface: srm,luva2,61
2023-05-11,10:56:42,SRM,14obZG,srm,luva1,Samuel,gato,Interface: srm,luva1,76
2023-05-11,10:56:44,SRM,27ueFI,srm,luva2,Patrick,macaco,Interface: srm,luva2,73
2023-05-11,10:56:46,SRM,14obZG,srm,luva1,Samuel,gato,Interface: srm,luva1,76
2023-05-11,10:56:48,SRM,27ueFI,srm,luva2,Patrick,macaco,Interface: srm,luva2,81
2023-05-11,10:56:50,SRM,14obZG,srm,luva1,Samuel,gato,Interface: srm,luva1,61
2023-05-11,10:56:52,SRM,27ueFI,srm,luva2,Patrick,macaco,Interface: srm,luva2,81
2023-05-11,10:56:55,SRM,14obZG,srm,luva1,Samuel,gato,Interface: srm,luva1,63
2023-05-11,10:56:56,SRM,27ueFI,srm,luva2,Patrick,macaco,Interface: srm,luva2,81
2023-05-11,10:56:59,SRM,14obZG,srm,luva1,Samuel,gato,Interface: srm,luva1,118
2023-05-11,10:57:00,SRM,27ueFI,srm,luva2,Patrick,macaco,Interface: srm,luva2,81
2023-05-11,10:57:03,SRM,14obZG,srm,luva1,Samuel,gato,Interface: srm,luva1,72
2023-05-11,10:57:07,SRM,14obZG,srm,luva1,Samuel,gato,Interface: srm,luva1,75
2023-05-11,10:57:13,SRM,14obZG,srm,luva1,Samuel,gato,Interface: srm,luva1,65
2023-05-11,10:57:17,SRM,14obZG,srm,luva1,Samuel,gato,Interface: srm,luva1,68
2023-05-11,10:57:19,SRM,27ueFI,srm,luva2,Patrick,macaco,Interface: srm,luva2,66
2023-05-11,10:57:21,SRM,14obZG,srm,luva1,Samuel,gato,Interface: srm,luva1,82
2023-05-11,10:57:23,SRM,27ueFI,srm,luva2,Patrick,macaco,Interface: srm,luva2,77
2023-05-11,10:57:25,SRM,14obZG,srm,luva1,Samuel,gato,Interface: srm,luva1,78
2023-05-11,10:57:27,SRM,27ueFI,srm,luva2,Patrick,macaco,Interface: srm,luva2,80
2023-05-11,10:57:30,SRM,14obZG,srm,luva1,Samuel,gato,Interface: srm,luva1,89
2023-05-11,10:57:31,SRM,27ueFI,srm,luva2,Patrick,macaco,Interface: srm,luva2,82
2023-05-11,10:57:34,SRM,14obZG,srm,luva1,Samuel,gato,Interface: srm,luva1,89
2023-05-11,10:57:35,SRM,27ueFI,srm,luva2,Patrick,macaco,Interface: srm,luva2,84
2023-05-11,10:57:38,SRM,14obZG,srm,luva1,Samuel,gato,Interface: srm,luva1,95
2023-05-11,10:57:39,SRM,27ueFI,srm,luva2,Patrick,macaco,Interface: srm,luva2,71
2023-05-11,10:57:42,SRM,14obZG,srm,luva1,Samuel,gato,Interface: srm,luva1,81
2023-05-11,10:57:43,SRM,27ueFI,srm,luva2,Patrick,macaco,Interface: srm,luva2,85
2023-05-11,10:57:47,SRM,27ueFI,srm,luva2,Patrick,macaco,Interface: srm,luva2,80
2023-05-11,10:57:51,SRM,27ueFI,srm,luva2,Patrick,macaco,Interface: srm,luva2,68
2023-05-11,10:57:51,SRM,14obZG,srm,luva1,Samuel,gato,Interface: srm,luva1,79
2023-05-11,10:57:55,SRM,27ueFI,srm,luva2,Patrick,macaco,Interface: srm,luva2,66
2023-05-11,10:57:55,SRM,14obZG,srm,luva1,Samuel,gato,Interface: srm,luva1,82
2023-05-11,10:57:59,SRM,14obZG,srm,luva1,Samuel,gato,Interface: srm,luva1,69
2023-05-11,10:57:59,SRM,27ueFI,srm,luva2,Patrick,macaco,Interface: srm,luva2,83
2023-05-11,10:58:03,SRM,27ueFI,srm,luva2,Patrick,macaco,Interface: srm,luva2,77
2023-05-11,10:58:03,SRM,14obZG,srm,luva1,Samuel,gato,Interface: srm,luva1,86
2023-05-11,10:58:07,SRM,27ueFI,srm,luva2,Patrick,macaco,Interface: srm,luva2,71
2023-05-11,10:58:07,SRM,14obZG,srm,luva1,Samuel,gato,Interface: srm,luva1,81
2023-05-11,10:58:11,SRM,27ueFI,srm,luva2,Patrick,macaco,Interface: srm,luva2,76
2023-05-11,10:58:11,SRM,14obZG,srm,luva1,Samuel,gato,Interface: srm,luva1,82
2023-05-11,10:58:15,SRM,27ueFI,srm,luva2,Patrick,macaco,Interface: srm,luva2,81
2023-05-11,10:58:15,SRM,38igWL,web,,Rafela e Augusto,urso,Interface: folha desenho,Participante Rafela e Augusto tirou uma foto,SRM_2023_05_11_10h_58m_15s_38igWL_Rafela e Augusto.jpg
2023-05-11,10:58:16,SRM,14obZG,srm,luva1,Samuel,gato,Interface: srm,luva1,66
2023-05-11,10:58:19,SRM,27ueFI,srm,luva2,Patrick,macaco,Interface: srm,luva2,77
2023-05-11,10:58:20,SRM,14obZG,srm,luva1,Samuel,gato,Interface: srm,luva1,70
2023-05-11,10:58:23,SRM,27ueFI,srm,luva2,Patrick,macaco,Interface: srm,luva2,61
2023-05-11,10:58:24,SRM,14obZG,srm,luva1,Samuel,gato,Interface: srm,luva1,85
2023-05-11,10:58:27,SRM,27ueFI,srm,luva2,Patrick,macaco,Interface: srm,luva2,68
2023-05-11,10:58:28,SRM,14obZG,srm,luva1,Samuel,gato,Interface: srm,luva1,84
2023-05-11,10:58:32,SRM,14obZG,srm,luva1,Samuel,gato,Interface: srm,luva1,65
2023-05-11,10:58:33,SRM,27ueFI,srm,luva2,Patrick,macaco,Interface: srm,luva2,61
2023-05-11,10:58:36,SRM,08tsLO,web,,joao pedro,lobo,Interface: folha desenho,Participante joao pedro tirou uma foto,SRM_2023_05_11_10h_58m_36s_08tsLO_joao pedro.jpg
2023-05-11,10:58:36,SRM,14obZG,srm,luva1,Samuel,gato,Interface: srm,luva1,89
2023-05-11,10:58:39,SRM,38igWL,web,,Rafela e Augusto,urso,Interface: camera,Sistema escaneou o QR Code de Código 82,feliz
2023-05-11,10:58:39,SRM,38igWL,web,,Rafela e Augusto,urso,Interface: Sistema,Sistema mostrou emoção e enviou para o Físico82,feliz
2023-05-11,10:58:39,SRM,38igWL,web,,Rafela e Augusto,urso,Interface: folha desenho,Participante mostrou qr-code 82,SRM_2023_05_11_10h_58m_39s_38igWL_Rafela e Augusto.jpg
2023-05-11,10:58:40,SRM,27ueFI,srm,luva2,Patrick,macaco,Interface: srm,luva2,73
2023-05-11,10:58:43,SRM,08tsLO,web,,joao pedro,lobo,Interface: folha desenho,Participante joao pedro tirou uma foto,SRM_2023_05_11_10h_58m_43s_08tsLO_joao pedro.jpg
2023-05-11,10:58:44,SRM,27ueFI,srm,luva2,Patrick,macaco,Interface: srm,luva2,86
2023-05-11,10:58:46,SRM,14obZG,srm,luva1,Samuel,gato,Interface: srm,luva1,64
2023-05-11,10:58:48,SRM,27ueFI,srm,luva2,Patrick,macaco,Interface: srm,luva2,71
2023-05-11,10:58:50,SRM,14obZG,srm,luva1,Samuel,gato,Interface: srm,luva1,72
2023-05-11,10:58:52,SRM,27ueFI,srm,luva2,Patrick,macaco,Interface: srm,luva2,67
2023-05-11,10:58:54,SRM,14obZG,srm,luva1,Samuel,gato,Interface: srm,luva1,77
2023-05-11,10:58:56,SRM,27ueFI,srm,luva2,Patrick,macaco,Interface: srm,luva2,84
2023-05-11,10:58:58,SRM,14obZG,srm,luva1,Samuel,gato,Interface: srm,luva1,77
2023-05-11,10:59:00,SRM,27ueFI,srm,luva2,Patrick,macaco,Interface: srm,luva2,75
2023-05-11,10:59:02,SRM,14obZG,srm,luva1,Samuel,gato,Interface: srm,luva1,76
2023-05-11,10:59:05,SRM,27ueFI,srm,luva2,Patrick,macaco,Interface: srm,luva2,64
2023-05-11,10:59:06,SRM,14obZG,srm,luva1,Samuel,gato,Interface: srm,luva1,77
2023-05-11,10:59:09,SRM,27ueFI,srm,luva2,Patrick,macaco,Interface: srm,luva2,69
2023-05-11,10:59:10,SRM,14obZG,srm,luva1,Samuel,gato,Interface: srm,luva1,103
2023-05-11,10:59:10,SRM,08tsLO,web,,joao pedro,lobo,Interface: camera,Sistema escaneou o QR Code de Código 02,castelo_qr
2023-05-11,10:59:10,SRM,08tsLO,web,,joao pedro,lobo,Interface: Sistema,Inicia estrofe 1,castelo_qr
2023-05-11,10:59:10,SRM,08tsLO,web,,joao pedro,lobo,Interface: folha desenho,Participante mostrou qr-code 02,SRM_2023_05_11_10h_59m_10s_08tsLO_joao pedro.jpg
2023-05-11,10:59:13,SRM,27ueFI,srm,luva2,Patrick,macaco,Interface: srm,luva2,63
2023-05-11,10:59:14,SRM,14obZG,srm,luva1,Samuel,gato,Interface: srm,luva1,85
2023-05-11,10:59:17,SRM,27ueFI,srm,luva2,Patrick,macaco,Interface: srm,luva2,68
2023-05-11,10:59:18,SRM,14obZG,srm,luva1,Samuel,gato,Interface: srm,luva1,75
2023-05-11,10:59:21,SRM,27ueFI,srm,luva2,Patrick,macaco,Interface: srm,luva2,85
2023-05-11,10:59:22,SRM,14obZG,srm,luva1,Samuel,gato,Interface: srm,luva1,82
2023-05-11,10:59:25,SRM,27ueFI,srm,luva2,Patrick,macaco,Interface: srm,luva2,83
2023-05-11,10:59:26,SRM,14obZG,srm,luva1,Samuel,gato,Interface: srm,luva1,82
2023-05-11,10:59:29,SRM,27ueFI,srm,luva2,Patrick,macaco,Interface: srm,luva2,81
2023-05-11,10:59:30,SRM,14obZG,srm,luva1,Samuel,gato,Interface: srm,luva1,87
2023-05-11,10:59:33,SRM,27ueFI,srm,luva2,Patrick,macaco,Interface: srm,luva2,85
2023-05-11,10:59:34,SRM,14obZG,srm,luva1,Samuel,gato,Interface: srm,luva1,78
2023-05-11,10:59:37,SRM,27ueFI,srm,luva2,Patrick,macaco,Interface: srm,luva2,85
2023-05-11,10:59:38,SRM,14obZG,srm,luva1,Samuel,gato,Interface: srm,luva1,85
2023-05-11,10:59:41,SRM,27ueFI,srm,luva2,Patrick,macaco,Interface: srm,luva2,84
2023-05-11,10:59:42,SRM,14obZG,srm,luva1,Samuel,gato,Interface: srm,luva1,77
2023-05-11,10:59:45,SRM,27ueFI,srm,luva2,Patrick,macaco,Interface: srm,luva2,94
2023-05-11,10:59:46,SRM,14obZG,srm,luva1,Samuel,gato,Interface: srm,luva1,79
2023-05-11,10:59:48,SRM,66mrYL,web,,jose,cachorro,Interface: camera,Sistema escaneou o QR Code de Código 03,tinta
2023-05-11,10:59:48,SRM,66mrYL,web,,jose,cachorro,Interface: Sistema,Inicia estrofe 2,tinta
2023-05-11,10:59:48,SRM,66mrYL,web,,jose,cachorro,Interface: folha desenho,Participante mostrou qr-code 03,SRM_2023_05_11_10h_59m_48s_66mrYL_jose.jpg
2023-05-11,10:59:50,SRM,27ueFI,srm,luva2,Patrick,macaco,Interface: srm,luva2,73
2023-05-11,10:59:50,SRM,14obZG,srm,luva1,Samuel,gato,Interface: srm,luva1,88
2023-05-11,10:59:54,SRM,14obZG,srm,luva1,Samuel,gato,Interface: srm,luva1,94
2023-05-11,10:59:57,SRM,36tcEV,web,,p.Cecilia,porco,Interface: folha desenho,Participante p.Cecilia tirou uma foto,SRM_2023_05_11_10h_59m_57s_36tcEV_p.Cecilia.jpg
2023-05-11,10:59:58,SRM,27ueFI,srm,luva2,Patrick,macaco,Interface: srm,luva2,74
2023-05-11,10:59:58,SRM,14obZG,srm,luva1,Samuel,gato,Interface: srm,luva1,85
2023-05-11,11:00:02,SRM,27ueFI,srm,luva2,Patrick,macaco,Interface: srm,luva2,85
2023-05-11,11:00:02,SRM,14obZG,srm,luva1,Samuel,gato,Interface: srm,luva1,84
2023-05-11,11:00:03,SRM,36tcEV,web,,p.Cecilia,porco,Interface: folha desenho,Participante p.Cecilia tirou uma foto,SRM_2023_05_11_11h_00m_03s_36tcEV_p.Cecilia.jpg
2023-05-11,11:00:06,SRM,27ueFI,srm,luva2,Patrick,macaco,Interface: srm,luva2,88
2023-05-11,11:00:06,SRM,14obZG,srm,luva1,Samuel,gato,Interface: srm,luva1,81
2023-05-11,11:00:07,SRM,14obZG,srm,luva1,Samuel,gato,Interface: socket.io,saiu da sala ou perdeu conexao,
2023-05-11,11:00:07,SRM,14obZG,srm,luva1,Samuel,gato,Interface: desenho,Reconectou - Atualização de página - F5,
2023-05-11,11:00:10,SRM,27ueFI,srm,luva2,Patrick,macaco,Interface: srm,luva2,87
2023-05-11,11:00:14,SRM,27ueFI,srm,luva2,Patrick,macaco,Interface: srm,luva2,73
2023-05-11,11:00:18,SRM,36tcEV,web,,p.Cecilia,porco,Interface: folha desenho,Participante p.Cecilia tirou uma foto,SRM_2023_05_11_11h_00m_18s_36tcEV_p.Cecilia.jpg
2023-05-11,11:00:18,SRM,27ueFI,srm,luva2,Patrick,macaco,Interface: srm,luva2,83
2023-05-11,11:00:21,SRM,08tsLO,web,,joao pedro,lobo,Interface: camera,Sistema escaneou o QR Code de Código 03,tinta
2023-05-11,11:00:21,SRM,08tsLO,web,,joao pedro,lobo,Interface: Sistema,Estrofe 2 em andamento. Enviar avatar,tinta
2023-05-11,11:00:21,SRM,08tsLO,web,,joao pedro,lobo,Interface: folha desenho,Participante mostrou qr-code 03,SRM_2023_05_11_11h_00m_21s_08tsLO_joao pedro.jpg
2023-05-11,11:00:22,SRM,38igWL,web,,Rafela e Augusto,urso,Interface: camera,Sistema escaneou o QR Code de Código 06,aviao
2023-05-11,11:00:22,SRM,38igWL,web,,Rafela e Augusto,urso,Interface: Sistema,Votação para a estrofe 4,aviao
2023-05-11,11:00:22,SRM,27ueFI,srm,luva2,Patrick,macaco,Interface: srm,luva2,78
2023-05-11,11:00:22,SRM,38igWL,web,,Rafela e Augusto,urso,Interface: folha desenho,Participante mostrou qr-code 06,SRM_2023_05_11_11h_00m_22s_38igWL_Rafela e Augusto.jpg
2023-05-11,11:00:22,SRM,38igWL,web,,Rafela e Augusto,urso,Interface: Sistema,Inicia estrofe 4,aviao
2023-05-11,11:00:24,SRM,08tsLO,web,,joao pedro,lobo,Interface: camera,Sistema escaneou o QR Code de Código 03,tinta
2023-05-11,11:00:24,SRM,08tsLO,web,,joao pedro,lobo,Interface: Sistema,Votação para a estrofe 2,tinta
2023-05-11,11:00:24,SRM,08tsLO,web,,joao pedro,lobo,Interface: folha desenho,Participante mostrou qr-code 03,SRM_2023_05_11_11h_00m_24s_08tsLO_joao pedro.jpg
2023-05-11,11:00:26,SRM,27ueFI,srm,luva2,Patrick,macaco,Interface: srm,luva2,87
2023-05-11,11:00:30,SRM,27ueFI,srm,luva2,Patrick,macaco,Interface: srm,luva2,65
2023-05-11,11:00:34,SRM,27ueFI,srm,luva2,Patrick,macaco,Interface: srm,luva2,91
2023-05-11,11:00:35,SRM,66mrYL,web,,jose,cachorro,Interface: camera,Sistema escaneou o QR Code de Código 06,aviao
2023-05-11,11:00:35,SRM,66mrYL,web,,jose,cachorro,Interface: Sistema,Estrofe 4 em andamento. Enviar avatar,aviao
2023-05-11,11:00:35,SRM,66mrYL,web,,jose,cachorro,Interface: folha desenho,Participante mostrou qr-code 06,SRM_2023_05_11_11h_00m_35s_66mrYL_jose.jpg
2023-05-11,11:00:36,SRM,14obZG,srm,luva1,Samuel,gato,Interface: socket.io,entrou na sala - Registrou participante no socket.io,
2023-05-11,11:00:38,SRM,27ueFI,srm,luva2,Patrick,macaco,Interface: srm,luva2,98
2023-05-11,11:00:39,SRM,14obZG,srm,luva1,Samuel,gato,Interface: srm,luva1,80
2023-05-11,11:00:41,SRM,38igWL,web,,Rafela e Augusto,urso,Interface: camera,Sistema escaneou o QR Code de Código 82,feliz
2023-05-11,11:00:41,SRM,38igWL,web,,Rafela e Augusto,urso,Interface: Sistema,Sistema mostrou emoção e enviou para o Físico82,feliz
2023-05-11,11:00:41,SRM,38igWL,web,,Rafela e Augusto,urso,Interface: folha desenho,Participante mostrou qr-code 82,SRM_2023_05_11_11h_00m_41s_38igWL_Rafela e Augusto.jpg
2023-05-11,11:00:42,SRM,27ueFI,srm,luva2,Patrick,macaco,Interface: srm,luva2,72
2023-05-11,11:00:46,SRM,27ueFI,srm,luva2,Patrick,macaco,Interface: srm,luva2,96
2023-05-11,11:00:47,SRM,14obZG,srm,luva1,Samuel,gato,Interface: socket.io,saiu da sala ou perdeu conexao,
2023-05-11,11:00:48,SRM,14obZG,srm,luva1,Samuel,gato,Interface: desenho,Reconectou - Atualização de página - F5,
2023-05-11,11:00:49,SRM,14obZG,srm,luva1,Samuel,gato,Interface: socket.io,entrou na sala - Registrou participante no socket.io,
2023-05-11,11:00:50,SRM,27ueFI,srm,luva2,Patrick,macaco,Interface: srm,luva2,84
2023-05-11,11:00:52,SRM,38igWL,web,,Rafela e Augusto,urso,Interface: folha desenho,Participante Rafela e Augusto tirou uma foto,SRM_2023_05_11_11h_00m_52s_38igWL_Rafela e Augusto.jpg
2023-05-11,11:00:52,SRM,14obZG,srm,luva1,Samuel,gato,Interface: srm,luva1,77
2023-05-11,11:00:53,SRM,08tsLO,web,,joao pedro,lobo,Interface: Sistema,Inicia estrofe 2,tinta
2023-05-11,11:00:54,SRM,27ueFI,srm,luva2,Patrick,macaco,Interface: srm,luva2,83
2023-05-11,11:00:56,SRM,14obZG,srm,luva1,Samuel,gato,Interface: srm,luva1,81
2023-05-11,11:00:58,SRM,27ueFI,srm,luva2,Patrick,macaco,Interface: srm,luva2,85
2023-05-11,11:01:00,SRM,14obZG,srm,luva1,Samuel,gato,Interface: srm,luva1,70
2023-05-11,11:01:00,SRM,14obZG,srm,luva1,Samuel,gato,Interface: desenho,Reconectou - Atualização de página - F5,
2023-05-11,11:01:02,SRM,38igWL,web,,Rafela e Augusto,urso,Interface: camera,Sistema escaneou o QR Code de Código 05,barco
2023-05-11,11:01:02,SRM,38igWL,web,,Rafela e Augusto,urso,Interface: Sistema,Votação para a estrofe 3,barco
2023-05-11,11:01:02,SRM,38igWL,web,,Rafela e Augusto,urso,Interface: folha desenho,Participante mostrou qr-code 05,SRM_2023_05_11_11h_01m_02s_38igWL_Rafela e Augusto.jpg
2023-05-11,11:01:02,SRM,27ueFI,srm,luva2,Patrick,macaco,Interface: srm,luva2,74
2023-05-11,11:01:03,SRM,14obZG,srm,luva1,Samuel,gato,Interface: socket.io,entrou na sala - Registrou participante no socket.io,
2023-05-11,11:01:06,SRM,27ueFI,srm,luva2,Patrick,macaco,Interface: srm,luva2,91
2023-05-11,11:01:07,SRM,14obZG,srm,luva1,Samuel,gato,Interface: desenho,Reconectou - Atualização de página - F5,
2023-05-11,11:01:07,SRM,14obZG,srm,luva1,Samuel,gato,Interface: srm,luva1,71
2023-05-11,11:01:08,SRM,14obZG,srm,luva1,Samuel,gato,Interface: socket.io,entrou na sala - Registrou participante no socket.io,
2023-05-11,11:01:11,SRM,27ueFI,srm,luva2,Patrick,macaco,Interface: srm,luva2,61
2023-05-11,11:01:11,SRM,14obZG,srm,luva1,Samuel,gato,Interface: srm,luva1,83
2023-05-11,11:01:12,SRM,66mrYL,web,,jose,cachorro,Interface: camera,Sistema escaneou o QR Code de Código 03,tinta
2023-05-11,11:01:12,SRM,66mrYL,web,,jose,cachorro,Interface: Sistema,Estrofe 2 em andamento. Enviar avatar,tinta
2023-05-11,11:01:12,SRM,66mrYL,web,,jose,cachorro,Interface: folha desenho,Participante mostrou qr-code 03,SRM_2023_05_11_11h_01m_12s_66mrYL_jose.jpg
2023-05-11,11:01:14,SRM,14obZG,srm,luva1,Samuel,gato,Interface: desenho,Reconectou - Atualização de página - F5,
2023-05-11,11:01:15,SRM,14obZG,srm,luva1,Samuel,gato,Interface: srm,luva1,86
2023-05-11,11:01:15,SRM,27ueFI,srm,luva2,Patrick,macaco,Interface: srm,luva2,77
2023-05-11,11:01:16,SRM,14obZG,srm,luva1,Samuel,gato,Interface: socket.io,entrou na sala - Registrou participante no socket.io,
2023-05-11,11:01:19,SRM,14obZG,srm,luva1,Samuel,gato,Interface: srm,luva1,87
2023-05-11,11:01:22,SRM,38igWL,web,,Rafela e Augusto,urso,Interface: camera,Sistema escaneou o QR Code de Código 03,tinta
2023-05-11,11:01:22,SRM,38igWL,web,,Rafela e Augusto,urso,Interface: Sistema,Estrofe 2 em andamento. Enviar avatar,tinta
2023-05-11,11:01:22,SRM,38igWL,web,,Rafela e Augusto,urso,Interface: folha desenho,Participante mostrou qr-code 03,SRM_2023_05_11_11h_01m_22s_38igWL_Rafela e Augusto.jpg
2023-05-11,11:01:23,SRM,14obZG,srm,luva1,Samuel,gato,Interface: srm,luva1,74
2023-05-11,11:01:27,SRM,14obZG,srm,luva1,Samuel,gato,Interface: socket.io,saiu da sala ou perdeu conexao,
2023-05-11,11:01:27,SRM,14obZG,srm,luva1,Samuel,gato,Interface: desenho,Reconectou - Atualização de página - F5,
2023-05-11,11:01:27,SRM,14obZG,srm,luva1,Samuel,gato,Interface: srm,luva1,86
2023-05-11,11:01:27,SRM,27ueFI,srm,luva2,Patrick,macaco,Interface: srm,luva2,63
2023-05-11,11:01:28,SRM,14obZG,srm,luva1,Samuel,gato,Interface: socket.io,entrou na sala - Registrou participante no socket.io,
2023-05-11,11:01:31,SRM,14obZG,srm,luva1,Samuel,gato,Interface: srm,luva1,85
2023-05-11,11:01:32,SRM,27ueFI,srm,luva2,Patrick,macaco,Interface: srm,luva2,65
2023-05-11,11:01:34,SRM,38igWL,web,,Rafela e Augusto,urso,Interface: camera,Sistema escaneou o QR Code de Código 05,barco
2023-05-11,11:01:34,SRM,14obZG,srm,luva1,Samuel,gato,Interface: socket.io,saiu da sala ou perdeu conexao,
2023-05-11,11:01:34,SRM,38igWL,web,,Rafela e Augusto,urso,Interface: Sistema,Inicia estrofe 3,barco
2023-05-11,11:01:34,SRM,38igWL,web,,Rafela e Augusto,urso,Interface: folha desenho,Participante mostrou qr-code 05,SRM_2023_05_11_11h_01m_34s_38igWL_Rafela e Augusto.jpg
2023-05-11,11:01:36,SRM,27ueFI,srm,luva2,Patrick,macaco,Interface: srm,luva2,77
2023-05-11,11:01:38,SRM,08tsLO,web,,joao pedro,lobo,Interface: camera,Sistema escaneou o QR Code de Código 02,castelo_qr
2023-05-11,11:01:38,SRM,08tsLO,web,,joao pedro,lobo,Interface: Sistema,Votação para a estrofe 1,castelo_qr
2023-05-11,11:01:38,SRM,08tsLO,web,,joao pedro,lobo,Interface: folha desenho,Participante mostrou qr-code 02,SRM_2023_05_11_11h_01m_38s_08tsLO_joao pedro.jpg
2023-05-11,11:01:40,SRM,27ueFI,srm,luva2,Patrick,macaco,Interface: srm,luva2,66
2023-05-11,11:01:47,SRM,27ueFI,srm,luva2,Patrick,macaco,Interface: srm,luva2,67
2023-05-11,11:01:48,SRM,14obZG,srm,luva1,Samuel,gato,Interface: socket.io,saiu da sala ou perdeu conexao,
2023-05-11,11:01:51,SRM,27ueFI,srm,luva2,Patrick,macaco,Interface: srm,luva2,73
2023-05-11,11:01:56,SRM,14obZG,srm,luva1,Samuel,gato,Interface: socket.io,saiu da sala ou perdeu conexao,
2023-05-11,11:01:56,SRM,27ueFI,srm,luva2,Patrick,macaco,Interface: srm,luva2,67
2023-05-11,11:02:00,SRM,27ueFI,srm,luva2,Patrick,macaco,Interface: srm,luva2,67
2023-05-11,11:02:03,SRM,14obZG,srm,luva1,Samuel,gato,Interface: Sistema,Inicia estrofe 3,barco
2023-05-11,11:02:04,SRM,27ueFI,srm,luva2,Patrick,macaco,Interface: srm,luva2,75
2023-05-11,11:02:08,SRM,27ueFI,srm,luva2,Patrick,macaco,Interface: srm,luva2,75
2023-05-11,11:02:12,SRM,27ueFI,srm,luva2,Patrick,macaco,Interface: srm,luva2,67
2023-05-11,11:02:16,SRM,27ueFI,srm,luva2,Patrick,macaco,Interface: srm,luva2,80
2023-05-11,11:02:23,SRM,08tsLO,web,,joao pedro,lobo,Interface: camera,Sistema escaneou o QR Code de Código 05,barco
2023-05-11,11:02:23,SRM,08tsLO,web,,joao pedro,lobo,Interface: Sistema,Estrofe 3 em andamento. Enviar avatar,barco
2023-05-11,11:02:23,SRM,08tsLO,web,,joao pedro,lobo,Interface: folha desenho,Participante mostrou qr-code 05,SRM_2023_05_11_11h_02m_23s_08tsLO_joao pedro.jpg
2023-05-11,11:02:27,SRM,08tsLO,web,,joao pedro,lobo,Interface: camera,Sistema escaneou o QR Code de Código 05,barco
2023-05-11,11:02:27,SRM,08tsLO,web,,joao pedro,lobo,Interface: Sistema,Votação para a estrofe 3,barco
2023-05-11,11:02:27,SRM,08tsLO,web,,joao pedro,lobo,Interface: folha desenho,Participante mostrou qr-code 05,SRM_2023_05_11_11h_02m_27s_08tsLO_joao pedro.jpg
2023-05-11,11:02:33,SRM,27ueFI,srm,luva2,Patrick,macaco,Interface: srm,luva2,72
2023-05-11,11:02:33,SRM,38igWL,web,,Rafela e Augusto,urso,Interface: camera,Sistema escaneou o QR Code de Código 03,tinta
2023-05-11,11:02:33,SRM,38igWL,web,,Rafela e Augusto,urso,Interface: Sistema,Votação para a estrofe 2,tinta
2023-05-11,11:02:33,SRM,38igWL,web,,Rafela e Augusto,urso,Interface: folha desenho,Participante mostrou qr-code 03,SRM_2023_05_11_11h_02m_33s_38igWL_Rafela e Augusto.jpg
2023-05-11,11:02:33,SRM,38igWL,web,,Rafela e Augusto,urso,Interface: camera,Sistema escaneou o QR Code de Código 03,tinta
2023-05-11,11:02:33,SRM,38igWL,web,,Rafela e Augusto,urso,Interface: Sistema,Votação para a estrofe 2,tinta
2023-05-11,11:02:33,SRM,38igWL,web,,Rafela e Augusto,urso,Interface: folha desenho,Participante mostrou qr-code 03,SRM_2023_05_11_11h_02m_33s_38igWL_Rafela e Augusto.jpg
2023-05-11,11:02:33,SRM,38igWL,web,,Rafela e Augusto,urso,Interface: camera,Sistema escaneou o QR Code de Código 03,tinta
2023-05-11,11:02:33,SRM,38igWL,web,,Rafela e Augusto,urso,Interface: Sistema,Votação para a estrofe 2,tinta
2023-05-11,11:02:33,SRM,38igWL,web,,Rafela e Augusto,urso,Interface: folha desenho,Participante mostrou qr-code 03,SRM_2023_05_11_11h_02m_33s_38igWL_Rafela e Augusto.jpg
2023-05-11,11:02:33,SRM,38igWL,web,,Rafela e Augusto,urso,Interface: Sistema,Inicia estrofe 2,tinta
2023-05-11,11:02:33,SRM,38igWL,web,,Rafela e Augusto,urso,Interface: Sistema,Votação para a estrofe 2,tinta
2023-05-11,11:02:33,SRM,38igWL,web,,Rafela e Augusto,urso,Interface: Sistema,Votação para a estrofe 2,tinta
2023-05-11,11:02:33,SRM,38igWL,web,,Rafela e Augusto,urso,Interface: camera,Sistema escaneou o QR Code de Código 03,tinta
2023-05-11,11:02:33,SRM,38igWL,web,,Rafela e Augusto,urso,Interface: Sistema,Votação para a estrofe 2,tinta
2023-05-11,11:02:34,SRM,38igWL,web,,Rafela e Augusto,urso,Interface: folha desenho,Participante mostrou qr-code 03,SRM_2023_05_11_11h_02m_33s_38igWL_Rafela e Augusto.jpg
2023-05-11,11:02:44,SRM,27ueFI,srm,luva2,Patrick,macaco,Interface: srm,luva2,65
2023-05-11,11:02:48,SRM,27ueFI,srm,luva2,Patrick,macaco,Interface: srm,luva2,90
2023-05-11,11:02:51,SRM,08tsLO,web,,joao pedro,lobo,Interface: camera,Sistema escaneou o QR Code de Código 03,tinta
2023-05-11,11:02:51,SRM,08tsLO,web,,joao pedro,lobo,Interface: Sistema,Estrofe 2 em andamento. Enviar avatar,tinta
2023-05-11,11:02:51,SRM,08tsLO,web,,joao pedro,lobo,Interface: folha desenho,Participante mostrou qr-code 03,SRM_2023_05_11_11h_02m_51s_08tsLO_joao pedro.jpg
2023-05-11,11:02:52,SRM,27ueFI,srm,luva2,Patrick,macaco,Interface: srm,luva2,61
2023-05-11,11:02:53,SRM,66mrYL,web,,jose,cachorro,Interface: camera,Sistema escaneou o QR Code de Código 03,tinta
2023-05-11,11:02:53,SRM,66mrYL,web,,jose,cachorro,Interface: Sistema,Estrofe 2 em andamento. Enviar avatar,tinta
2023-05-11,11:02:53,SRM,66mrYL,web,,jose,cachorro,Interface: folha desenho,Participante mostrou qr-code 03,SRM_2023_05_11_11h_02m_53s_66mrYL_jose.jpg
2023-05-11,11:02:57,SRM,66mrYL,web,,jose,cachorro,Interface: camera,Sistema escaneou o QR Code de Código 03,tinta
2023-05-11,11:02:57,SRM,66mrYL,web,,jose,cachorro,Interface: Sistema,Votação para a estrofe 2,tinta
2023-05-11,11:02:57,SRM,66mrYL,web,,jose,cachorro,Interface: folha desenho,Participante mostrou qr-code 03,SRM_2023_05_11_11h_02m_57s_66mrYL_jose.jpg
2023-05-11,11:02:57,SRM,08tsLO,web,,joao pedro,lobo,Interface: camera,Sistema escaneou o QR Code de Código 03,tinta
2023-05-11,11:02:57,SRM,08tsLO,web,,joao pedro,lobo,Interface: Sistema,Votação para a estrofe 2,tinta
2023-05-11,11:02:57,SRM,08tsLO,web,,joao pedro,lobo,Interface: folha desenho,Participante mostrou qr-code 03,SRM_2023_05_11_11h_02m_57s_08tsLO_joao pedro.jpg
2023-05-11,11:03:00,SRM,27ueFI,srm,luva2,Patrick,macaco,Interface: srm,luva2,69
2023-05-11,11:03:01,SRM,08tsLO,web,,joao pedro,lobo,Interface: camera,Sistema escaneou o QR Code de Código 03,tinta
2023-05-11,11:03:01,SRM,08tsLO,web,,joao pedro,lobo,Interface: Sistema,Votação para a estrofe 2,tinta
2023-05-11,11:03:01,SRM,08tsLO,web,,joao pedro,lobo,Interface: folha desenho,Participante mostrou qr-code 03,SRM_2023_05_11_11h_03m_01s_08tsLO_joao pedro.jpg
2023-05-11,11:03:04,SRM,27ueFI,srm,luva2,Patrick,macaco,Interface: Sistema,Inicia estrofe 1,castelo_qr
2023-05-11,11:03:04,SRM,27ueFI,srm,luva2,Patrick,macaco,Interface: srm,luva2,67
2023-05-11,11:03:09,SRM,38igWL,web,,Rafela e Augusto,urso,Interface: folha desenho,Participante Rafela e Augusto tirou uma foto,SRM_2023_05_11_11h_03m_09s_38igWL_Rafela e Augusto.jpg
2023-05-11,11:03:21,SRM,27ueFI,srm,luva2,Patrick,macaco,Interface: srm,luva2,64
2023-05-11,11:03:28,SRM,66mrYL,web,,jose,cachorro,Interface: camera,Sistema escaneou o QR Code de Código 02,castelo_qr
2023-05-11,11:03:28,SRM,66mrYL,web,,jose,cachorro,Interface: Sistema,Estrofe 1 em andamento. Enviar avatar,castelo_qr
2023-05-11,11:03:28,SRM,66mrYL,web,,jose,cachorro,Interface: folha desenho,Participante mostrou qr-code 02,SRM_2023_05_11_11h_03m_28s_66mrYL_jose.jpg
2023-05-11,11:03:29,SRM,27ueFI,srm,luva2,Patrick,macaco,Interface: srm,luva2,61
2023-05-11,11:03:30,SRM,38igWL,web,,Rafela e Augusto,urso,Interface: camera,Sistema escaneou o QR Code de Código 02,castelo_qr
2023-05-11,11:03:30,SRM,38igWL,web,,Rafela e Augusto,urso,Interface: Sistema,Estrofe 1 em andamento. Enviar avatar,castelo_qr
2023-05-11,11:03:30,SRM,38igWL,web,,Rafela e Augusto,urso,Interface: folha desenho,Participante mostrou qr-code 02,SRM_2023_05_11_11h_03m_30s_38igWL_Rafela e Augusto.jpg
2023-05-11,11:03:31,SRM,66mrYL,web,,jose,cachorro,Interface: camera,Sistema escaneou o QR Code de Código 02,castelo_qr
2023-05-11,11:03:31,SRM,66mrYL,web,,jose,cachorro,Interface: Sistema,Votação para a estrofe 1,castelo_qr
2023-05-11,11:03:31,SRM,66mrYL,web,,jose,cachorro,Interface: folha desenho,Participante mostrou qr-code 02,SRM_2023_05_11_11h_03m_31s_66mrYL_jose.jpg
2023-05-11,11:03:33,SRM,27ueFI,srm,luva2,Patrick,macaco,Interface: srm,luva2,72
2023-05-11,11:03:40,SRM,27ueFI,srm,luva2,Patrick,macaco,Interface: srm,luva2,81
2023-05-11,11:03:44,SRM,27ueFI,srm,luva2,Patrick,macaco,Interface: srm,luva2,81
2023-05-11,11:03:47,SRM,38igWL,web,,Rafela e Augusto,urso,Interface: camera,Sistema escaneou o QR Code de Código 04,passaro
2023-05-11,11:03:47,SRM,38igWL,web,,Rafela e Augusto,urso,Interface: Sistema,Inicia estrofe 2,passaro
2023-05-11,11:03:47,SRM,38igWL,web,,Rafela e Augusto,urso,Interface: folha desenho,Participante mostrou qr-code 04,SRM_2023_05_11_11h_03m_47s_38igWL_Rafela e Augusto.jpg
2023-05-11,11:03:48,SRM,27ueFI,srm,luva2,Patrick,macaco,Interface: srm,luva2,69
2023-05-11,11:03:51,SRM,66mrYL,web,,jose,cachorro,Interface: camera,Sistema escaneou o QR Code de Código 01,sol
2023-05-11,11:03:51,SRM,66mrYL,web,,jose,cachorro,Interface: Sistema,Votação para a estrofe 1,sol
2023-05-11,11:03:51,SRM,66mrYL,web,,jose,cachorro,Interface: folha desenho,Participante mostrou qr-code 01,SRM_2023_05_11_11h_03m_51s_66mrYL_jose.jpg
2023-05-11,11:03:53,SRM,27ueFI,srm,luva2,Patrick,macaco,Interface: srm,luva2,69
2023-05-11,11:03:57,SRM,27ueFI,srm,luva2,Patrick,macaco,Interface: srm,luva2,66
2023-05-11,11:03:58,SRM,38igWL,web,,Rafela e Augusto,urso,Interface: folha desenho,Participante Rafela e Augusto tirou uma foto,SRM_2023_05_11_11h_03m_58s_38igWL_Rafela e Augusto.jpg
2023-05-11,11:03:58,SRM,27ueFI,srm,luva2,Patrick,macaco,Interface: socket.io,saiu da sala ou perdeu conexao,
2023-05-11,11:03:58,SRM,27ueFI,srm,luva2,Patrick,macaco,Interface: desenho,Reconectou - Atualização de página - F5,
2023-05-11,11:04:02,SRM,08tsLO,web,,joao pedro,lobo,Interface: camera,Sistema escaneou o QR Code de Código 01,sol
2023-05-11,11:04:02,SRM,08tsLO,web,,joao pedro,lobo,Interface: Sistema,Votação para a estrofe 1,sol
2023-05-11,11:04:02,SRM,08tsLO,web,,joao pedro,lobo,Interface: folha desenho,Participante mostrou qr-code 01,SRM_2023_05_11_11h_04m_02s_08tsLO_joao pedro.jpg
2023-05-11,11:04:10,SRM,08tsLO,web,,joao pedro,lobo,Interface: camera,Sistema escaneou o QR Code de Código 01,sol
2023-05-11,11:04:10,SRM,08tsLO,web,,joao pedro,lobo,Interface: Sistema,Votação para a estrofe 1,sol
2023-05-11,11:04:10,SRM,08tsLO,web,,joao pedro,lobo,Interface: folha desenho,Participante mostrou qr-code 01,SRM_2023_05_11_11h_04m_10s_08tsLO_joao pedro.jpg
2023-05-11,11:04:17,SRM,55rwXO,web,,p.jesus,panda,Interface: Sistema,Inicia estrofe 1,sol
2023-05-11,11:04:17,SRM,55rwXO,web,,p.jesus,panda,Interface: Sistema,Estrofe 1 em andamento. Enviar avatar,sol
2023-05-11,11:04:17,SRM,55rwXO,web,,p.jesus,panda,Interface: Sistema,Votação para a estrofe 1,sol
2023-05-11,11:04:19,SRM,14obZG,srm,luva1,Samuel,gato,Interface: socket.io,saiu da sala ou perdeu conexao,
2023-05-11,11:04:20,SRM,14obZG,srm,luva1,Samuel,gato,Interface: socket.io,entrou na sala - Registrou participante no socket.io,
2023-05-11,11:04:23,SRM,14obZG,srm,luva1,Samuel,gato,Interface: srm,luva1,82
2023-05-11,11:04:25,SRM,66mrYL,web,,jose,cachorro,Interface: camera,Sistema escaneou o QR Code de Código 01,sol
2023-05-11,11:04:25,SRM,66mrYL,web,,jose,cachorro,Interface: Sistema,Votação para a estrofe 1,sol
2023-05-11,11:04:25,SRM,66mrYL,web,,jose,cachorro,Interface: folha desenho,Participante mostrou qr-code 01,SRM_2023_05_11_11h_04m_25s_66mrYL_jose.jpg
2023-05-11,11:04:27,SRM,14obZG,srm,luva1,Samuel,gato,Interface: srm,luva1,82
2023-05-11,11:04:27,SRM,38igWL,web,,Rafela e Augusto,urso,Interface: camera,Sistema escaneou o QR Code de Código 02,castelo_qr
2023-05-11,11:04:27,SRM,38igWL,web,,Rafela e Augusto,urso,Interface: Sistema,Estrofe 1 em andamento. Enviar avatar,castelo_qr
2023-05-11,11:04:28,SRM,38igWL,web,,Rafela e Augusto,urso,Interface: folha desenho,Participante mostrou qr-code 02,SRM_2023_05_11_11h_04m_28s_38igWL_Rafela e Augusto.jpg
2023-05-11,11:04:28,SRM,66mrYL,web,,jose,cachorro,Interface: camera,Sistema escaneou o QR Code de Código 01,sol
2023-05-11,11:04:28,SRM,66mrYL,web,,jose,cachorro,Interface: Sistema,Votação para a estrofe 1,sol
2023-05-11,11:04:28,SRM,66mrYL,web,,jose,cachorro,Interface: folha desenho,Participante mostrou qr-code 01,SRM_2023_05_11_11h_04m_28s_66mrYL_jose.jpg
2023-05-11,11:04:31,SRM,14obZG,srm,luva1,Samuel,gato,Interface: srm,luva1,85
2023-05-11,11:04:35,SRM,14obZG,srm,luva1,Samuel,gato,Interface: srm,luva1,71
2023-05-11,11:04:39,SRM,14obZG,srm,luva1,Samuel,gato,Interface: srm,luva1,66
2023-05-11,11:04:41,SRM,38igWL,web,,Rafela e Augusto,urso,Interface: folha desenho,Participante Rafela e Augusto tirou uma foto,SRM_2023_05_11_11h_04m_41s_38igWL_Rafela e Augusto.jpg
2023-05-11,11:04:43,SRM,14obZG,srm,luva1,Samuel,gato,Interface: srm,luva1,61
2023-05-11,11:04:45,SRM,27ueFI,srm,luva2,Patrick,macaco,Interface: socket.io,saiu da sala ou perdeu conexao,
2023-05-11,11:04:46,SRM,27ueFI,srm,luva2,Patrick,macaco,Interface: desenho,Reconectou - Atualização de página - F5,
2023-05-11,11:04:46,SRM,27ueFI,srm,luva2,Patrick,macaco,Interface: socket.io,entrou na sala - Registrou participante no socket.io,
2023-05-11,11:04:47,SRM,14obZG,srm,luva1,Samuel,gato,Interface: srm,luva1,83
2023-05-11,11:04:47,SRM,27ueFI,srm,luva2,Patrick,macaco,Interface: srm,luva2,82
2023-05-11,11:04:51,SRM,14obZG,srm,luva1,Samuel,gato,Interface: srm,luva1,97
2023-05-11,11:04:51,SRM,27ueFI,srm,luva2,Patrick,macaco,Interface: srm,luva2,81
2023-05-11,11:04:51,SRM,66mrYL,web,,jose,cachorro,Interface: folha desenho,Participante jose tirou uma foto,SRM_2023_05_11_11h_04m_51s_66mrYL_jose.jpg
2023-05-11,11:04:53,SRM,91jxMC,srm,luva1,Samuel,gato,Interface: desenho,Fez login e iniciou os cookies com (91jxMC) (Samuel) e (gato),
2023-05-11,11:04:53,SRM,91jxMC,srm,luva1,Samuel,gato,Interface: desenho,Reconectou - Atualização de página - F5,
2023-05-11,11:04:54,SRM,38igWL,web,,Rafela e Augusto,urso,Interface: camera,Sistema escaneou o QR Code de Código 01,sol
2023-05-11,11:04:54,SRM,38igWL,web,,Rafela e Augusto,urso,Interface: Sistema,Inicia estrofe 1,sol
2023-05-11,11:04:54,SRM,38igWL,web,,Rafela e Augusto,urso,Interface: folha desenho,Participante mostrou qr-code 01,SRM_2023_05_11_11h_04m_54s_38igWL_Rafela e Augusto.jpg
2023-05-11,11:04:55,SRM,14obZG,srm,luva1,Samuel,gato,Interface: srm,luva1,108
2023-05-11,11:04:55,SRM,27ueFI,srm,luva2,Patrick,macaco,Interface: srm,luva2,91
2023-05-11,11:04:59,SRM,14obZG,srm,luva1,Samuel,gato,Interface: srm,luva1,93
2023-05-11,11:04:59,SRM,27ueFI,srm,luva2,Patrick,macaco,Interface: srm,luva2,76
2023-05-11,11:05:03,SRM,14obZG,srm,luva1,Samuel,gato,Interface: srm,luva1,74
2023-05-11,11:05:03,SRM,27ueFI,srm,luva2,Patrick,macaco,Interface: srm,luva2,61
2023-05-11,11:05:05,SRM,14obZG,srm,luva1,Samuel,gato,Interface: socket.io,saiu da sala ou perdeu conexao,
2023-05-11,11:05:06,SRM,14obZG,srm,luva1,Samuel,gato,Interface: socket.io,entrou na sala - Registrou participante no socket.io,
2023-05-11,11:05:07,SRM,14obZG,srm,luva1,Samuel,gato,Interface: srm,luva1,77
2023-05-11,11:05:10,SRM,08tsLO,web,,joao pedro,lobo,Interface: folha desenho,Participante joao pedro tirou uma foto,SRM_2023_05_11_11h_05m_10s_08tsLO_joao pedro.jpg
2023-05-11,11:05:11,SRM,14obZG,srm,luva1,Samuel,gato,Interface: srm,luva1,75
2023-05-11,11:05:14,SRM,0,web,None,admin,,Interface: tela admin,admin logou,
2023-05-11,11:05:15,SRM,14obZG,srm,luva1,Samuel,gato,Interface: srm,luva1,61
2023-05-11,11:05:19,SRM,14obZG,srm,luva1,Samuel,gato,Interface: srm,luva1,79
2023-05-11,11:05:19,SRM,96kxSW,SRM,luva2,Patrick,tigre,Interface: desenho,Fez login e iniciou os cookies com (96kxSW) (Patrick) e (tigre),
2023-05-11,11:05:19,SRM,01frBO,SRM,luva2,Patrick,tigre,Interface: desenho,Fez login e iniciou os cookies com (01frBO) (Patrick) e (tigre),
2023-05-11,11:05:19,SRM,01frBO,SRM,luva2,Patrick,tigre,Interface: desenho,Reconectou - Atualização de página - F5,
2023-05-11,11:05:20,SRM,27ueFI,srm,luva2,Patrick,macaco,Interface: srm,luva2,63
2023-05-11,11:05:23,SRM,08tsLO,web,,joao pedro,lobo,Interface: camera,Sistema escaneou o QR Code de Código 02,castelo_qr
2023-05-11,11:05:23,SRM,08tsLO,web,,joao pedro,lobo,Interface: Sistema,Estrofe 1 em andamento. Enviar avatar,castelo_qr
2023-05-11,11:05:23,SRM,08tsLO,web,,joao pedro,lobo,Interface: folha desenho,Participante mostrou qr-code 02,SRM_2023_05_11_11h_05m_23s_08tsLO_joao pedro.jpg
2023-05-11,11:05:23,SRM,14obZG,srm,luva1,Samuel,gato,Interface: srm,luva1,79
2023-05-11,11:05:26,SRM,27ueFI,srm,luva2,Patrick,macaco,Interface: srm,luva2,61
2023-05-11,11:05:27,SRM,14obZG,srm,luva1,Samuel,gato,Interface: srm,luva1,78
2023-05-11,11:05:27,SRM,27ueFI,srm,luva2,Patrick,macaco,Interface: socket.io,saiu da sala ou perdeu conexao,
2023-05-11,11:05:28,SRM,27ueFI,srm,luva2,Patrick,macaco,Interface: desenho,Reconectou - Atualização de página - F5,
2023-05-11,11:05:29,SRM,08tsLO,web,,joao pedro,lobo,Interface: camera,Sistema escaneou o QR Code de Código 02,castelo_qr
2023-05-11,11:05:29,SRM,08tsLO,web,,joao pedro,lobo,Interface: Sistema,Inicia estrofe 1,castelo_qr
2023-05-11,11:05:29,SRM,08tsLO,web,,joao pedro,lobo,Interface: folha desenho,Participante mostrou qr-code 02,SRM_2023_05_11_11h_05m_29s_08tsLO_joao pedro.jpg
2023-05-11,11:05:31,SRM,14obZG,srm,luva1,Samuel,gato,Interface: srm,luva1,76
2023-05-11,11:05:35,SRM,14obZG,srm,luva1,Samuel,gato,Interface: srm,luva1,62
2023-05-11,11:05:39,SRM,14obZG,srm,luva1,Samuel,gato,Interface: srm,luva1,62
2023-05-11,11:05:43,SRM,0,web,None,admin,,Interface: tela admin,admin logou,
2023-05-11,11:05:43,SRM,14obZG,srm,luva1,Samuel,gato,Interface: srm,luva1,65
2023-05-11,11:05:48,SRM,14obZG,srm,luva1,Samuel,gato,Interface: srm,luva1,82
2023-05-11,11:05:49,SRM,66mrYL,web,,jose,cachorro,Interface: camera,Sistema escaneou o QR Code de Código 02,castelo_qr
2023-05-11,11:05:49,SRM,66mrYL,web,,jose,cachorro,Interface: Sistema,Estrofe 1 em andamento. Enviar avatar,castelo_qr
2023-05-11,11:05:49,SRM,66mrYL,web,,jose,cachorro,Interface: folha desenho,Participante mostrou qr-code 02,SRM_2023_05_11_11h_05m_49s_66mrYL_jose.jpg
2023-05-11,11:05:50,SRM,01frBO,SRM,luva2,Patrick,tigre,Interface: socket.io,entrou na sala - Registrou participante no socket.io,
2023-05-11,11:05:50,SRM,01frBO,SRM,luva2,Patrick,tigre,Interface: SRM,luva2,69
2023-05-11,11:05:50,SRM,38igWL,web,,Rafela e Augusto,urso,Interface: camera,Sistema escaneou o QR Code de Código 01,sol
2023-05-11,11:05:50,SRM,38igWL,web,,Rafela e Augusto,urso,Interface: Sistema,Estrofe 1 em andamento. Enviar avatar,sol
2023-05-11,11:05:51,SRM,38igWL,web,,Rafela e Augusto,urso,Interface: folha desenho,Participante mostrou qr-code 01,SRM_2023_05_11_11h_05m_51s_38igWL_Rafela e Augusto.jpg
2023-05-11,11:05:52,SRM,14obZG,srm,luva1,Samuel,gato,Interface: socket.io,saiu da sala ou perdeu conexao,
2023-05-11,11:05:54,SRM,14obZG,srm,luva1,Samuel,gato,Interface: socket.io,entrou na sala - Registrou participante no socket.io,
2023-05-11,11:05:54,SRM,91jxMC,srm,luva1,Samuel,gato,Interface: socket.io,saiu da sala ou perdeu conexao,
2023-05-11,11:05:54,SRM,01frBO,SRM,luva2,Patrick,tigre,Interface: SRM,luva2,67
2023-05-11,11:05:56,SRM,14obZG,srm,luva1,Samuel,gato,Interface: srm,luva1,74
2023-05-11,11:05:59,SRM,01frBO,SRM,luva2,Patrick,tigre,Interface: SRM,luva2,64
2023-05-11,11:06:00,SRM,14obZG,srm,luva1,Samuel,gato,Interface: srm,luva1,80
2023-05-11,11:06:00,SRM,91jxMC,srm,luva1,Samuel,gato,Interface: folha desenho,Participante Samuel tirou uma foto,SRM_2023_05_11_11h_06m_00s_91jxMC_Samuel.jpg
2023-05-11,11:06:03,SRM,01frBO,SRM,luva2,Patrick,tigre,Interface: SRM,luva2,70
2023-05-11,11:06:04,SRM,14obZG,srm,luva1,Samuel,gato,Interface: srm,luva1,79
2023-05-11,11:06:05,SRM,91jxMC,srm,luva1,Samuel,gato,Interface: camera,Sistema escaneou o QR Code de Código 82,feliz
2023-05-11,11:06:05,SRM,91jxMC,srm,luva1,Samuel,gato,Interface: Sistema,Sistema mostrou emoção e enviou para o Físico82,feliz
2023-05-11,11:06:05,SRM,91jxMC,srm,luva1,Samuel,gato,Interface: folha desenho,Participante mostrou qr-code 82,SRM_2023_05_11_11h_06m_05s_91jxMC_Samuel.jpg
2023-05-11,11:06:08,SRM,14obZG,srm,luva1,Samuel,gato,Interface: srm,luva1,80
2023-05-11,11:06:10,SRM,01frBO,SRM,luva2,Patrick,tigre,Interface: SRM,luva2,61
2023-05-11,11:06:10,SRM,38igWL,web,,Rafela e Augusto,urso,Interface: camera,Sistema escaneou o QR Code de Código 03,tinta
2023-05-11,11:06:10,SRM,38igWL,web,,Rafela e Augusto,urso,Interface: Sistema,Inicia estrofe 2,tinta
2023-05-11,11:06:10,SRM,38igWL,web,,Rafela e Augusto,urso,Interface: folha desenho,Participante mostrou qr-code 03,SRM_2023_05_11_11h_06m_10s_38igWL_Rafela e Augusto.jpg
2023-05-11,11:06:12,SRM,14obZG,srm,luva1,Samuel,gato,Interface: srm,luva1,71
2023-05-11,11:06:14,SRM,01frBO,SRM,luva2,Patrick,tigre,Interface: SRM,luva2,66
2023-05-11,11:06:16,SRM,14obZG,srm,luva1,Samuel,gato,Interface: srm,luva1,94
2023-05-11,11:06:19,SRM,66mrYL,web,,jose,cachorro,Interface: camera,Sistema escaneou o QR Code de Código 06,aviao
2023-05-11,11:06:19,SRM,66mrYL,web,,jose,cachorro,Interface: Sistema,Votação para a estrofe 4,aviao
2023-05-11,11:06:19,SRM,66mrYL,web,,jose,cachorro,Interface: folha desenho,Participante mostrou qr-code 06,SRM_2023_05_11_11h_06m_19s_66mrYL_jose.jpg
2023-05-11,11:06:22,SRM,01frBO,SRM,luva2,Patrick,tigre,Interface: SRM,luva2,96
2023-05-11,11:06:22,SRM,14obZG,srm,luva1,Samuel,gato,Interface: srm,luva1,68
2023-05-11,11:06:26,SRM,01frBO,SRM,luva2,Patrick,tigre,Interface: SRM,luva2,96
2023-05-11,11:06:26,SRM,14obZG,srm,luva1,Samuel,gato,Interface: srm,luva1,73
2023-05-11,11:06:29,SRM,91jxMC,srm,luva1,Samuel,gato,Interface: camera,Sistema escaneou o QR Code de Código 05,barco
2023-05-11,11:06:29,SRM,91jxMC,srm,luva1,Samuel,gato,Interface: Sistema,Votação para a estrofe 3,barco
2023-05-11,11:06:29,SRM,27ueFI,srm,luva2,Patrick,macaco,Interface: desenho,Reconectou - Atualização de página - F5,
2023-05-11,11:06:30,SRM,01frBO,SRM,luva2,Patrick,tigre,Interface: SRM,luva2,97
2023-05-11,11:06:30,SRM,91jxMC,srm,luva1,Samuel,gato,Interface: folha desenho,Participante mostrou qr-code 05,SRM_2023_05_11_11h_06m_30s_91jxMC_Samuel.jpg
2023-05-11,11:06:30,SRM,91jxMC,srm,luva1,Samuel,gato,Interface: camera,Sistema escaneou o QR Code de Código 05,barco
2023-05-11,11:06:30,SRM,91jxMC,srm,luva1,Samuel,gato,Interface: Sistema,Votação para a estrofe 3,barco
2023-05-11,11:06:30,SRM,91jxMC,srm,luva1,Samuel,gato,Interface: folha desenho,Participante mostrou qr-code 05,SRM_2023_05_11_11h_06m_30s_91jxMC_Samuel.jpg
2023-05-11,11:06:30,SRM,14obZG,srm,luva1,Samuel,gato,Interface: srm,luva1,76
2023-05-11,11:06:30,SRM,27ueFI,srm,luva2,Patrick,macaco,Interface: socket.io,entrou na sala - Registrou participante no socket.io,
2023-05-11,11:06:31,SRM,27ueFI,srm,luva2,Patrick,macaco,Interface: socket.io,saiu da sala ou perdeu conexao,
2023-05-11,11:06:33,SRM,91jxMC,srm,luva1,Samuel,gato,Interface: camera,Sistema escaneou o QR Code de Código 01,sol
2023-05-11,11:06:33,SRM,91jxMC,srm,luva1,Samuel,gato,Interface: Sistema,Votação para a estrofe 1,sol
2023-05-11,11:06:33,SRM,91jxMC,srm,luva1,Samuel,gato,Interface: folha desenho,Participante mostrou qr-code 01,SRM_2023_05_11_11h_06m_33s_91jxMC_Samuel.jpg
2023-05-11,11:06:34,SRM,01frBO,SRM,luva2,Patrick,tigre,Interface: SRM,luva2,97
2023-05-11,11:06:34,SRM,14obZG,srm,luva1,Samuel,gato,Interface: srm,luva1,70
2023-05-11,11:06:38,SRM,01frBO,SRM,luva2,Patrick,tigre,Interface: SRM,luva2,100
2023-05-11,11:06:38,SRM,14obZG,srm,luva1,Samuel,gato,Interface: srm,luva1,90
2023-05-11,11:06:39,SRM,38igWL,web,,Rafela e Augusto,urso,Interface: folha desenho,Participante Rafela e Augusto tirou uma foto,SRM_2023_05_11_11h_06m_39s_38igWL_Rafela e Augusto.jpg
2023-05-11,11:06:41,SRM,14obZG,srm,luva1,Samuel,gato,Interface: Sistema,Inicia estrofe 3,barco
2023-05-11,11:06:41,SRM,14obZG,srm,luva1,Samuel,gato,Interface: Sistema,Votação para a estrofe 3,barco
2023-05-11,11:06:42,SRM,91jxMC,srm,luva1,Samuel,gato,Interface: socket.io,saiu da sala ou perdeu conexao,
2023-05-11,11:06:42,SRM,01frBO,SRM,luva2,Patrick,tigre,Interface: SRM,luva2,61
2023-05-11,11:06:42,SRM,14obZG,srm,luva1,Samuel,gato,Interface: srm,luva1,71
2023-05-11,11:06:44,SRM,08tsLO,web,,joao pedro,lobo,Interface: folha desenho,Participante joao pedro tirou uma foto,SRM_2023_05_11_11h_06m_44s_08tsLO_joao pedro.jpg
2023-05-11,11:06:45,SRM,38igWL,web,,Rafela e Augusto,urso,Interface: camera,Sistema escaneou o QR Code de Código 01,sol
2023-05-11,11:06:45,SRM,38igWL,web,,Rafela e Augusto,urso,Interface: Sistema,Votação para a estrofe 1,sol
2023-05-11,11:06:46,SRM,01frBO,SRM,luva2,Patrick,tigre,Interface: SRM,luva2,61
2023-05-11,11:06:46,SRM,14obZG,srm,luva1,Samuel,gato,Interface: srm,luva1,67
2023-05-11,11:06:46,SRM,38igWL,web,,Rafela e Augusto,urso,Interface: folha desenho,Participante mostrou qr-code 01,SRM_2023_05_11_11h_06m_46s_38igWL_Rafela e Augusto.jpg
2023-05-11,11:06:50,SRM,01frBO,SRM,luva2,Patrick,tigre,Interface: SRM,luva2,67
2023-05-11,11:06:50,SRM,14obZG,srm,luva1,Samuel,gato,Interface: srm,luva1,77
2023-05-11,11:06:54,SRM,01frBO,SRM,luva2,Patrick,tigre,Interface: SRM,luva2,67
2023-05-11,11:06:54,SRM,14obZG,srm,luva1,Samuel,gato,Interface: srm,luva1,67
2023-05-11,11:06:55,SRM,66mrYL,web,,jose,cachorro,Interface: camera,Sistema escaneou o QR Code de Código 05,barco
2023-05-11,11:06:55,SRM,66mrYL,web,,jose,cachorro,Interface: Sistema,Estrofe 3 em andamento. Enviar avatar,barco
2023-05-11,11:06:55,SRM,66mrYL,web,,jose,cachorro,Interface: folha desenho,Participante mostrou qr-code 05,SRM_2023_05_11_11h_06m_55s_66mrYL_jose.jpg
2023-05-11,11:06:57,SRM,01frBO,SRM,luva2,Patrick,tigre,Interface: camera,Sistema escaneou o QR Code de Código 82,feliz
2023-05-11,11:06:57,SRM,01frBO,SRM,luva2,Patrick,tigre,Interface: Sistema,Sistema mostrou emoção e enviou para o Físico82,feliz
2023-05-11,11:06:57,SRM,01frBO,SRM,luva2,Patrick,tigre,Interface: folha desenho,Participante mostrou qr-code 82,SRM_2023_05_11_11h_06m_57s_01frBO_Patrick.jpg
2023-05-11,11:06:58,SRM,01frBO,SRM,luva2,Patrick,tigre,Interface: SRM,luva2,67
2023-05-11,11:06:58,SRM,14obZG,srm,luva1,Samuel,gato,Interface: srm,luva1,73
2023-05-11,11:07:01,SRM,38igWL,web,,Rafela e Augusto,urso,Interface: camera,Sistema escaneou o QR Code de Código 05,barco
2023-05-11,11:07:01,SRM,38igWL,web,,Rafela e Augusto,urso,Interface: Sistema,Estrofe 3 em andamento. Enviar avatar,barco
2023-05-11,11:07:01,SRM,38igWL,web,,Rafela e Augusto,urso,Interface: folha desenho,Participante mostrou qr-code 05,SRM_2023_05_11_11h_07m_01s_38igWL_Rafela e Augusto.jpg
2023-05-11,11:07:02,SRM,01frBO,SRM,luva2,Patrick,tigre,Interface: SRM,luva2,76
2023-05-11,11:07:02,SRM,08tsLO,web,,joao pedro,lobo,Interface: camera,Sistema escaneou o QR Code de Código 05,barco
2023-05-11,11:07:02,SRM,08tsLO,web,,joao pedro,lobo,Interface: Sistema,Estrofe 3 em andamento. Enviar avatar,barco
2023-05-11,11:07:02,SRM,08tsLO,web,,joao pedro,lobo,Interface: folha desenho,Participante mostrou qr-code 05,SRM_2023_05_11_11h_07m_02s_08tsLO_joao pedro.jpg
2023-05-11,11:07:02,SRM,14obZG,srm,luva1,Samuel,gato,Interface: srm,luva1,74
2023-05-11,11:07:04,SRM,91jxMC,srm,luva1,Samuel,gato,Interface: camera,Sistema escaneou o QR Code de Código 06,aviao
2023-05-11,11:07:04,SRM,91jxMC,srm,luva1,Samuel,gato,Interface: Sistema,Votação para a estrofe 4,aviao
2023-05-11,11:07:04,SRM,91jxMC,srm,luva1,Samuel,gato,Interface: folha desenho,Participante mostrou qr-code 06,SRM_2023_05_11_11h_07m_04s_91jxMC_Samuel.jpg
2023-05-11,11:07:05,SRM,38igWL,web,,Rafela e Augusto,urso,Interface: camera,Sistema escaneou o QR Code de Código 05,barco
2023-05-11,11:07:05,SRM,38igWL,web,,Rafela e Augusto,urso,Interface: Sistema,Votação para a estrofe 3,barco
2023-05-11,11:07:05,SRM,38igWL,web,,Rafela e Augusto,urso,Interface: folha desenho,Participante mostrou qr-code 05,SRM_2023_05_11_11h_07m_05s_38igWL_Rafela e Augusto.jpg
2023-05-11,11:07:06,SRM,14obZG,srm,luva1,Samuel,gato,Interface: srm,luva1,78
2023-05-11,11:07:10,SRM,14obZG,srm,luva1,Samuel,gato,Interface: srm,luva1,74
2023-05-11,11:07:10,SRM,08tsLO,web,,joao pedro,lobo,Interface: camera,Sistema escaneou o QR Code de Código 05,barco
2023-05-11,11:07:10,SRM,08tsLO,web,,joao pedro,lobo,Interface: Sistema,Votação para a estrofe 3,barco
2023-05-11,11:07:10,SRM,08tsLO,web,,joao pedro,lobo,Interface: folha desenho,Participante mostrou qr-code 05,SRM_2023_05_11_11h_07m_10s_08tsLO_joao pedro.jpg
2023-05-11,11:07:13,SRM,01frBO,SRM,luva2,Patrick,tigre,Interface: SRM,luva2,61
2023-05-11,11:07:14,SRM,38igWL,web,,Rafela e Augusto,urso,Interface: Sistema,Inicia estrofe 4,aviao
2023-05-11,11:07:14,SRM,38igWL,web,,Rafela e Augusto,urso,Interface: Sistema,Estrofe 4 em andamento. Enviar avatar,aviao
2023-05-11,11:07:14,SRM,01frBO,SRM,luva2,Patrick,tigre,Interface: camera,Sistema escaneou o QR Code de Código 01,sol
2023-05-11,11:07:14,SRM,01frBO,SRM,luva2,Patrick,tigre,Interface: Sistema,Votação para a estrofe 1,sol
2023-05-11,11:07:14,SRM,01frBO,SRM,luva2,Patrick,tigre,Interface: folha desenho,Participante mostrou qr-code 01,SRM_2023_05_11_11h_07m_14s_01frBO_Patrick.jpg
2023-05-11,11:07:14,SRM,14obZG,srm,luva1,Samuel,gato,Interface: srm,luva1,68
2023-05-11,11:07:17,SRM,01frBO,SRM,luva2,Patrick,tigre,Interface: SRM,luva2,70
2023-05-11,11:07:18,SRM,14obZG,srm,luva1,Samuel,gato,Interface: srm,luva1,71
2023-05-11,11:07:19,SRM,91jxMC,srm,luva1,Samuel,gato,Interface: camera,Sistema escaneou o QR Code de Código 03,tinta
2023-05-11,11:07:19,SRM,91jxMC,srm,luva1,Samuel,gato,Interface: Sistema,Votação para a estrofe 2,tinta
2023-05-11,11:07:20,SRM,91jxMC,srm,luva1,Samuel,gato,Interface: folha desenho,Participante mostrou qr-code 03,SRM_2023_05_11_11h_07m_20s_91jxMC_Samuel.jpg
2023-05-11,11:07:21,SRM,01frBO,SRM,luva2,Patrick,tigre,Interface: SRM,luva2,83
2023-05-11,11:07:22,SRM,14obZG,srm,luva1,Samuel,gato,Interface: srm,luva1,86
2023-05-11,11:07:23,SRM,91jxMC,srm,luva1,Samuel,gato,Interface: camera,Sistema escaneou o QR Code de Código 03,tinta
2023-05-11,11:07:23,SRM,91jxMC,srm,luva1,Samuel,gato,Interface: Sistema,Votação para a estrofe 2,tinta
2023-05-11,11:07:24,SRM,91jxMC,srm,luva1,Samuel,gato,Interface: folha desenho,Participante mostrou qr-code 03,SRM_2023_05_11_11h_07m_24s_91jxMC_Samuel.jpg
2023-05-11,11:07:25,SRM,01frBO,SRM,luva2,Patrick,tigre,Interface: SRM,luva2,72
2023-05-11,11:07:26,SRM,38igWL,web,,Rafela e Augusto,urso,Interface: folha desenho,Participante Rafela e Augusto tirou uma foto,SRM_2023_05_11_11h_07m_26s_38igWL_Rafela e Augusto.jpg
2023-05-11,11:07:26,SRM,14obZG,srm,luva1,Samuel,gato,Interface: srm,luva1,86
2023-05-11,11:07:27,SRM,66mrYL,web,,jose,cachorro,Interface: camera,Sistema escaneou o QR Code de Código 06,aviao
2023-05-11,11:07:27,SRM,66mrYL,web,,jose,cachorro,Interface: Sistema,Votação para a estrofe 4,aviao
2023-05-11,11:07:27,SRM,66mrYL,web,,jose,cachorro,Interface: folha desenho,Participante mostrou qr-code 06,SRM_2023_05_11_11h_07m_27s_66mrYL_jose.jpg
2023-05-11,11:07:28,SRM,91jxMC,srm,luva1,Samuel,gato,Interface: socket.io,saiu da sala ou perdeu conexao,
2023-05-11,11:07:29,SRM,01frBO,SRM,luva2,Patrick,tigre,Interface: SRM,luva2,72
2023-05-11,11:07:30,SRM,66mrYL,web,,jose,cachorro,Interface: camera,Sistema escaneou o QR Code de Código 06,aviao
2023-05-11,11:07:30,SRM,66mrYL,web,,jose,cachorro,Interface: Sistema,Votação para a estrofe 4,aviao
2023-05-11,11:07:30,SRM,66mrYL,web,,jose,cachorro,Interface: folha desenho,Participante mostrou qr-code 06,SRM_2023_05_11_11h_07m_30s_66mrYL_jose.jpg
2023-05-11,11:07:30,SRM,14obZG,srm,luva1,Samuel,gato,Interface: srm,luva1,85
2023-05-11,11:07:31,SRM,01frBO,SRM,luva2,Patrick,tigre,Interface: camera,Sistema escaneou o QR Code de Código 86,calmo
2023-05-11,11:07:31,SRM,01frBO,SRM,luva2,Patrick,tigre,Interface: Sistema,Sistema mostrou emoção e enviou para o Físico86,calmo
2023-05-11,11:07:31,SRM,01frBO,SRM,luva2,Patrick,tigre,Interface: folha desenho,Participante mostrou qr-code 86,SRM_2023_05_11_11h_07m_31s_01frBO_Patrick.jpg
2023-05-11,11:07:33,SRM,01frBO,SRM,luva2,Patrick,tigre,Interface: SRM,luva2,80
2023-05-11,11:07:35,SRM,14obZG,srm,luva1,Samuel,gato,Interface: srm,luva1,81
2023-05-11,11:07:35,SRM,38igWL,web,,Rafela e Augusto,urso,Interface: camera,Sistema escaneou o QR Code de Código 06,aviao
2023-05-11,11:07:35,SRM,38igWL,web,,Rafela e Augusto,urso,Interface: Sistema,Estrofe 4 em andamento. Enviar avatar,aviao
2023-05-11,11:07:35,SRM,38igWL,web,,Rafela e Augusto,urso,Interface: folha desenho,Participante mostrou qr-code 06,SRM_2023_05_11_11h_07m_35s_38igWL_Rafela e Augusto.jpg
2023-05-11,11:07:37,SRM,01frBO,SRM,luva2,Patrick,tigre,Interface: SRM,luva2,73
2023-05-11,11:07:39,SRM,14obZG,srm,luva1,Samuel,gato,Interface: srm,luva1,76
2023-05-11,11:07:39,SRM,0,web,None,admin,,Interface: tela admin,admin logou,
2023-05-11,11:07:41,SRM,08tsLO,web,,joao pedro,lobo,Interface: camera,Sistema escaneou o QR Code de Código 06,aviao
2023-05-11,11:07:41,SRM,08tsLO,web,,joao pedro,lobo,Interface: Sistema,Estrofe 4 em andamento. Enviar avatar,aviao
2023-05-11,11:07:41,SRM,08tsLO,web,,joao pedro,lobo,Interface: folha desenho,Participante mostrou qr-code 06,SRM_2023_05_11_11h_07m_41s_08tsLO_joao pedro.jpg
2023-05-11,11:07:41,SRM,01frBO,SRM,luva2,Patrick,tigre,Interface: SRM,luva2,89
2023-05-11,11:07:42,SRM,01frBO,SRM,luva2,Patrick,tigre,Interface: socket.io,saiu da sala ou perdeu conexao,
2023-05-11,11:07:42,SRM,01frBO,SRM,luva2,Patrick,tigre,Interface: login,Retornou a primeira página para alterar nome ou avatar,
2023-05-11,11:07:43,SRM,14obZG,srm,luva1,Samuel,gato,Interface: srm,luva1,78
2023-05-11,11:07:44,SRM,38igWL,web,,Rafela e Augusto,urso,Interface: folha desenho,Participante Rafela e Augusto tirou uma foto,SRM_2023_05_11_11h_07m_44s_38igWL_Rafela e Augusto.jpg
2023-05-11,11:07:44,SRM,38igWL,web,,Rafela e Augusto,urso,Interface: Sistema,Inicia estrofe 1,sol
2023-05-11,11:07:44,SRM,38igWL,web,,Rafela e Augusto,urso,Interface: Sistema,Estrofe 1 em andamento. Enviar avatar,sol
2023-05-11,11:07:44,SRM,38igWL,web,,Rafela e Augusto,urso,Interface: Sistema,Estrofe 1 em andamento. Enviar avatar,sol
2023-05-11,11:07:47,SRM,14obZG,srm,luva1,Samuel,gato,Interface: srm,luva1,78
2023-05-11,11:07:47,SRM,01frBO,SRM,luva2,Patrick,tigre,Interface: login,Retornou a primeira página para alterar nome ou avatar,
2023-05-11,11:07:50,SRM,01frBO,SRM,luva2,Patrick,tigre,Interface: login,Retornou a primeira página para alterar nome ou avatar,
2023-05-11,11:07:51,SRM,14obZG,srm,luva1,Samuel,gato,Interface: srm,luva1,76
2023-05-11,11:07:54,SRM,66mrYL,web,,jose,cachorro,Interface: camera,Sistema escaneou o QR Code de Código 01,sol
2023-05-11,11:07:54,SRM,66mrYL,web,,jose,cachorro,Interface: Sistema,Estrofe 1 em andamento. Enviar avatar,sol
2023-05-11,11:07:54,SRM,66mrYL,web,,jose,cachorro,Interface: folha desenho,Participante mostrou qr-code 01,SRM_2023_05_11_11h_07m_54s_66mrYL_jose.jpg
2023-05-11,11:07:55,SRM,14obZG,srm,luva1,Samuel,gato,Interface: srm,luva1,70
2023-05-11,11:07:59,SRM,14obZG,srm,luva1,Samuel,gato,Interface: srm,luva1,87
2023-05-11,11:07:59,SRM,66mrYL,web,,jose,cachorro,Interface: camera,Sistema escaneou o QR Code de Código 01,sol
2023-05-11,11:07:59,SRM,66mrYL,web,,jose,cachorro,Interface: Sistema,Votação para a estrofe 1,sol
2023-05-11,11:07:59,SRM,66mrYL,web,,jose,cachorro,Interface: folha desenho,Participante mostrou qr-code 01,SRM_2023_05_11_11h_07m_59s_66mrYL_jose.jpg
2023-05-11,11:07:59,SRM,08tsLO,web,,joao pedro,lobo,Interface: camera,Sistema escaneou o QR Code de Código 02,castelo_qr
2023-05-11,11:07:59,SRM,08tsLO,web,,joao pedro,lobo,Interface: Sistema,Estrofe 1 em andamento. Enviar avatar,castelo_qr
2023-05-11,11:07:59,SRM,08tsLO,web,,joao pedro,lobo,Interface: folha desenho,Participante mostrou qr-code 02,SRM_2023_05_11_11h_07m_59s_08tsLO_joao pedro.jpg
2023-05-11,11:08:03,SRM,15caQR,web,,Patrick,macaco,Interface: desenho,Fez login e iniciou os cookies com (15caQR) (Patrick) e (macaco),
2023-05-11,11:08:03,SRM,14obZG,srm,luva1,Samuel,gato,Interface: srm,luva1,89
2023-05-11,11:08:03,SRM,15caQR,web,,Patrick,macaco,Interface: desenho,Reconectou - Atualização de página - F5,
2023-05-11,11:08:03,SRM,91jxMC,srm,luva1,Samuel,gato,Interface: camera,Sistema escaneou o QR Code de Código 05,barco
2023-05-11,11:08:03,SRM,91jxMC,srm,luva1,Samuel,gato,Interface: Sistema,Votação para a estrofe 3,barco
2023-05-11,11:08:03,SRM,91jxMC,srm,luva1,Samuel,gato,Interface: folha desenho,Participante mostrou qr-code 05,SRM_2023_05_11_11h_08m_03s_91jxMC_Samuel.jpg
2023-05-11,11:08:03,SRM,08tsLO,web,,joao pedro,lobo,Interface: camera,Sistema escaneou o QR Code de Código 02,castelo_qr
2023-05-11,11:08:03,SRM,08tsLO,web,,joao pedro,lobo,Interface: Sistema,Votação para a estrofe 1,castelo_qr
2023-05-11,11:08:03,SRM,08tsLO,web,,joao pedro,lobo,Interface: folha desenho,Participante mostrou qr-code 02,SRM_2023_05_11_11h_08m_03s_08tsLO_joao pedro.jpg
2023-05-11,11:08:05,SRM,15caQR,web,,Patrick,macaco,Interface: socket.io,entrou na sala - Registrou participante no socket.io,
2023-05-11,11:08:07,SRM,14obZG,srm,luva1,Samuel,gato,Interface: srm,luva1,87
2023-05-11,11:08:11,SRM,14obZG,srm,luva1,Samuel,gato,Interface: srm,luva1,87
2023-05-11,11:08:12,SRM,15caQR,web,,Patrick,macaco,Interface: login,Retornou a primeira página para alterar nome ou avatar,
2023-05-11,11:08:14,SRM,55rwXO,web,,p.jesus,panda,Interface: Sistema,Inicia estrofe 2,tinta
2023-05-11,11:08:14,SRM,55rwXO,web,,p.jesus,panda,Interface: Sistema,Votação para a estrofe 2,tinta
2023-05-11,11:08:14,SRM,91jxMC,srm,luva1,Samuel,gato,Interface: camera,Sistema escaneou o QR Code de Código 02,castelo_qr
2023-05-11,11:08:14,SRM,91jxMC,srm,luva1,Samuel,gato,Interface: Sistema,Votação para a estrofe 1,castelo_qr
2023-05-11,11:08:14,SRM,91jxMC,srm,luva1,Samuel,gato,Interface: folha desenho,Participante mostrou qr-code 02,SRM_2023_05_11_11h_08m_14s_91jxMC_Samuel.jpg
2023-05-11,11:08:15,SRM,14obZG,srm,luva1,Samuel,gato,Interface: srm,luva1,73
2023-05-11,11:08:16,SRM,66mrYL,web,,jose,cachorro,Interface: camera,Sistema escaneou o QR Code de Código 03,tinta
2023-05-11,11:08:16,SRM,66mrYL,web,,jose,cachorro,Interface: Sistema,Estrofe 2 em andamento. Enviar avatar,tinta
2023-05-11,11:08:16,SRM,66mrYL,web,,jose,cachorro,Interface: folha desenho,Participante mostrou qr-code 03,SRM_2023_05_11_11h_08m_16s_66mrYL_jose.jpg
2023-05-11,11:08:19,SRM,14obZG,srm,luva1,Samuel,gato,Interface: srm,luva1,80
2023-05-11,11:08:19,SRM,66mrYL,web,,jose,cachorro,Interface: camera,Sistema escaneou o QR Code de Código 03,tinta
2023-05-11,11:08:19,SRM,66mrYL,web,,jose,cachorro,Interface: Sistema,Votação para a estrofe 2,tinta
2023-05-11,11:08:19,SRM,66mrYL,web,,jose,cachorro,Interface: folha desenho,Participante mostrou qr-code 03,SRM_2023_05_11_11h_08m_19s_66mrYL_jose.jpg
2023-05-11,11:08:22,SRM,66mrYL,web,,jose,cachorro,Interface: camera,Sistema escaneou o QR Code de Código 03,tinta
2023-05-11,11:08:22,SRM,66mrYL,web,,jose,cachorro,Interface: Sistema,Votação para a estrofe 2,tinta
2023-05-11,11:08:22,SRM,66mrYL,web,,jose,cachorro,Interface: folha desenho,Participante mostrou qr-code 03,SRM_2023_05_11_11h_08m_22s_66mrYL_jose.jpg
2023-05-11,11:08:23,SRM,14obZG,srm,luva1,Samuel,gato,Interface: srm,luva1,64
2023-05-11,11:08:23,SRM,38igWL,web,,Rafela e Augusto,urso,Interface: camera,Sistema escaneou o QR Code de Código 03,tinta
2023-05-11,11:08:23,SRM,38igWL,web,,Rafela e Augusto,urso,Interface: Sistema,Estrofe 2 em andamento. Enviar avatar,tinta
2023-05-11,11:08:23,SRM,38igWL,web,,Rafela e Augusto,urso,Interface: folha desenho,Participante mostrou qr-code 03,SRM_2023_05_11_11h_08m_23s_38igWL_Rafela e Augusto.jpg
2023-05-11,11:08:25,SRM,08tsLO,web,,joao pedro,lobo,Interface: camera,Sistema escaneou o QR Code de Código 01,sol
2023-05-11,11:08:25,SRM,08tsLO,web,,joao pedro,lobo,Interface: Sistema,Votação para a estrofe 1,sol
2023-05-11,11:08:25,SRM,08tsLO,web,,joao pedro,lobo,Interface: folha desenho,Participante mostrou qr-code 01,SRM_2023_05_11_11h_08m_25s_08tsLO_joao pedro.jpg
2023-05-11,11:08:27,SRM,14obZG,srm,luva1,Samuel,gato,Interface: srm,luva1,75
2023-05-11,11:08:29,SRM,23jcMQ,srm,luva2,Patrick,macaco,Interface: desenho,Fez login e iniciou os cookies com (23jcMQ) (Patrick) e (macaco),
2023-05-11,11:08:29,SRM,23jcMQ,srm,luva2,Patrick,macaco,Interface: desenho,Reconectou - Atualização de página - F5,
2023-05-11,11:08:31,SRM,14obZG,srm,luva1,Samuel,gato,Interface: srm,luva1,71
2023-05-11,11:08:32,SRM,23jcMQ,srm,luva2,Patrick,macaco,Interface: socket.io,entrou na sala - Registrou participante no socket.io,
2023-05-11,11:08:34,SRM,23jcMQ,srm,luva2,Patrick,macaco,Interface: srm,luva2,69
2023-05-11,11:08:34,SRM,66mrYL,web,,jose,cachorro,Interface: camera,Sistema escaneou o QR Code de Código 02,castelo_qr
2023-05-11,11:08:34,SRM,66mrYL,web,,jose,cachorro,Interface: Sistema,Votação para a estrofe 1,castelo_qr
2023-05-11,11:08:34,SRM,66mrYL,web,,jose,cachorro,Interface: folha desenho,Participante mostrou qr-code 02,SRM_2023_05_11_11h_08m_34s_66mrYL_jose.jpg
2023-05-11,11:08:35,SRM,14obZG,srm,luva1,Samuel,gato,Interface: srm,luva1,61
2023-05-11,11:08:37,SRM,08tsLO,web,,joao pedro,lobo,Interface: camera,Sistema escaneou o QR Code de Código 03,tinta
2023-05-11,11:08:37,SRM,08tsLO,web,,joao pedro,lobo,Interface: Sistema,Estrofe 2 em andamento. Enviar avatar,tinta
2023-05-11,11:08:37,SRM,08tsLO,web,,joao pedro,lobo,Interface: folha desenho,Participante mostrou qr-code 03,SRM_2023_05_11_11h_08m_37s_08tsLO_joao pedro.jpg
2023-05-11,11:08:38,SRM,23jcMQ,srm,luva2,Patrick,macaco,Interface: srm,luva2,69
2023-05-11,11:08:39,SRM,0,web,None,admin,,Interface: tela admin,admin logou,
2023-05-11,11:08:39,SRM,66mrYL,web,,jose,cachorro,Interface: camera,Sistema escaneou o QR Code de Código 02,castelo_qr
2023-05-11,11:08:39,SRM,66mrYL,web,,jose,cachorro,Interface: Sistema,Votação para a estrofe 1,castelo_qr
2023-05-11,11:08:39,SRM,14obZG,srm,luva1,Samuel,gato,Interface: srm,luva1,78
2023-05-11,11:08:39,SRM,66mrYL,web,,jose,cachorro,Interface: folha desenho,Participante mostrou qr-code 02,SRM_2023_05_11_11h_08m_39s_66mrYL_jose.jpg
2023-05-11,11:08:43,SRM,23jcMQ,srm,luva2,Patrick,macaco,Interface: folha desenho,Participante Patrick tirou uma foto,SRM_2023_05_11_11h_08m_43s_23jcMQ_Patrick.jpg
2023-05-11,11:08:43,SRM,14obZG,srm,luva1,Samuel,gato,Interface: srm,luva1,87
2023-05-11,11:08:43,SRM,66mrYL,web,,jose,cachorro,Interface: camera,Sistema escaneou o QR Code de Código 02,castelo_qr
2023-05-11,11:08:43,SRM,66mrYL,web,,jose,cachorro,Interface: Sistema,Votação para a estrofe 1,castelo_qr
2023-05-11,11:08:43,SRM,66mrYL,web,,jose,cachorro,Interface: folha desenho,Participante mostrou qr-code 02,SRM_2023_05_11_11h_08m_43s_66mrYL_jose.jpg
2023-05-11,11:08:45,SRM,14obZG,srm,luva1,Samuel,gato,Interface: Sistema,Inicia estrofe 1,castelo_qr
2023-05-11,11:08:45,SRM,14obZG,srm,luva1,Samuel,gato,Interface: Sistema,Estrofe 1 em andamento. Enviar avatar,sol
2023-05-11,11:08:45,SRM,14obZG,srm,luva1,Samuel,gato,Interface: Sistema,Estrofe 1 em andamento. Enviar avatar,castelo_qr
2023-05-11,11:08:45,SRM,14obZG,srm,luva1,Samuel,gato,Interface: Sistema,Votação para a estrofe 1,castelo_qr
2023-05-11,11:08:45,SRM,14obZG,srm,luva1,Samuel,gato,Interface: Sistema,Votação para a estrofe 1,castelo_qr
2023-05-11,11:08:46,SRM,38igWL,web,,Rafela e Augusto,urso,Interface: camera,Sistema escaneou o QR Code de Código 82,feliz
2023-05-11,11:08:46,SRM,38igWL,web,,Rafela e Augusto,urso,Interface: Sistema,Sistema mostrou emoção e enviou para o Físico82,feliz
2023-05-11,11:08:46,SRM,38igWL,web,,Rafela e Augusto,urso,Interface: folha desenho,Participante mostrou qr-code 82,SRM_2023_05_11_11h_08m_46s_38igWL_Rafela e Augusto.jpg
2023-05-11,11:08:47,SRM,14obZG,srm,luva1,Samuel,gato,Interface: srm,luva1,88
2023-05-11,11:08:51,SRM,15caQR,web,,Patrick,macaco,Interface: socket.io,saiu da sala ou perdeu conexao,
2023-05-11,11:08:51,SRM,14obZG,srm,luva1,Samuel,gato,Interface: srm,luva1,83
2023-05-11,11:08:54,SRM,23jcMQ,srm,luva2,Patrick,macaco,Interface: srm,luva2,75
2023-05-11,11:08:55,SRM,14obZG,srm,luva1,Samuel,gato,Interface: srm,luva1,85
2023-05-11,11:08:58,SRM,23jcMQ,srm,luva2,Patrick,macaco,Interface: srm,luva2,87
2023-05-11,11:08:59,SRM,14obZG,srm,luva1,Samuel,gato,Interface: srm,luva1,69
2023-05-11,11:09:01,SRM,38igWL,web,,Rafela e Augusto,urso,Interface: camera,Sistema escaneou o QR Code de Código 02,castelo_qr
2023-05-11,11:09:01,SRM,38igWL,web,,Rafela e Augusto,urso,Interface: Sistema,Estrofe 1 em andamento. Enviar avatar,castelo_qr
2023-05-11,11:09:02,SRM,38igWL,web,,Rafela e Augusto,urso,Interface: folha desenho,Participante mostrou qr-code 02,SRM_2023_05_11_11h_09m_02s_38igWL_Rafela e Augusto.jpg
2023-05-11,11:09:02,SRM,23jcMQ,srm,luva2,Patrick,macaco,Interface: srm,luva2,69
2023-05-11,11:09:03,SRM,14obZG,srm,luva1,Samuel,gato,Interface: srm,luva1,90
2023-05-11,11:09:06,SRM,23jcMQ,srm,luva2,Patrick,macaco,Interface: srm,luva2,94
2023-05-11,11:09:07,SRM,14obZG,srm,luva1,Samuel,gato,Interface: srm,luva1,98
2023-05-11,11:09:10,SRM,23jcMQ,srm,luva2,Patrick,macaco,Interface: srm,luva2,94
2023-05-11,11:09:11,SRM,38igWL,web,,Rafela e Augusto,urso,Interface: folha desenho,Participante Rafela e Augusto tirou uma foto,SRM_2023_05_11_11h_09m_11s_38igWL_Rafela e Augusto.jpg
2023-05-11,11:09:11,SRM,14obZG,srm,luva1,Samuel,gato,Interface: srm,luva1,73
2023-05-11,11:09:14,SRM,66mrYL,web,,jose,cachorro,Interface: camera,Sistema escaneou o QR Code de Código 05,barco
2023-05-11,11:09:14,SRM,66mrYL,web,,jose,cachorro,Interface: Sistema,Votação para a estrofe 3,barco
2023-05-11,11:09:14,SRM,66mrYL,web,,jose,cachorro,Interface: folha desenho,Participante mostrou qr-code 05,SRM_2023_05_11_11h_09m_14s_66mrYL_jose.jpg
2023-05-11,11:09:14,SRM,23jcMQ,srm,luva2,Patrick,macaco,Interface: srm,luva2,81
2023-05-11,11:09:18,SRM,14obZG,srm,luva1,Samuel,gato,Interface: srm,luva1,65
2023-05-11,11:09:19,SRM,23jcMQ,srm,luva2,Patrick,macaco,Interface: srm,luva2,80
2023-05-11,11:09:20,SRM,14obZG,srm,luva1,Samuel,gato,Interface: Sistema,Inicia estrofe 3,barco
2023-05-11,11:09:20,SRM,14obZG,srm,luva1,Samuel,gato,Interface: Sistema,Estrofe 3 em andamento. Enviar avatar,barco
2023-05-11,11:09:21,SRM,91jxMC,srm,luva1,Samuel,gato,Interface: camera,Sistema escaneou o QR Code de Código 02,castelo_qr
2023-05-11,11:09:21,SRM,91jxMC,srm,luva1,Samuel,gato,Interface: Sistema,Votação para a estrofe 1,castelo_qr
2023-05-11,11:09:21,SRM,91jxMC,srm,luva1,Samuel,gato,Interface: folha desenho,Participante mostrou qr-code 02,SRM_2023_05_11_11h_09m_21s_91jxMC_Samuel.jpg
2023-05-11,11:09:22,SRM,14obZG,srm,luva1,Samuel,gato,Interface: srm,luva1,83
2023-05-11,11:09:22,SRM,23jcMQ,srm,luva2,Patrick,macaco,Interface: srm,luva2,84
2023-05-11,11:09:26,SRM,14obZG,srm,luva1,Samuel,gato,Interface: srm,luva1,79
2023-05-11,11:09:26,SRM,23jcMQ,srm,luva2,Patrick,macaco,Interface: srm,luva2,78
2023-05-11,11:09:30,SRM,14obZG,srm,luva1,Samuel,gato,Interface: srm,luva1,82
2023-05-11,11:09:30,SRM,08tsLO,web,,joao pedro,lobo,Interface: camera,Sistema escaneou o QR Code de Código 05,barco
2023-05-11,11:09:30,SRM,08tsLO,web,,joao pedro,lobo,Interface: Sistema,Estrofe 3 em andamento. Enviar avatar,barco
2023-05-11,11:09:30,SRM,08tsLO,web,,joao pedro,lobo,Interface: folha desenho,Participante mostrou qr-code 05,SRM_2023_05_11_11h_09m_30s_08tsLO_joao pedro.jpg
2023-05-11,11:09:31,SRM,23jcMQ,srm,luva2,Patrick,macaco,Interface: srm,luva2,78
2023-05-11,11:09:33,SRM,38igWL,web,,Rafela e Augusto,urso,Interface: camera,Sistema escaneou o QR Code de Código 05,barco
2023-05-11,11:09:33,SRM,38igWL,web,,Rafela e Augusto,urso,Interface: Sistema,Estrofe 3 em andamento. Enviar avatar,barco
2023-05-11,11:09:33,SRM,38igWL,web,,Rafela e Augusto,urso,Interface: folha desenho,Participante mostrou qr-code 05,SRM_2023_05_11_11h_09m_33s_38igWL_Rafela e Augusto.jpg
2023-05-11,11:09:34,SRM,14obZG,srm,luva1,Samuel,gato,Interface: srm,luva1,79
2023-05-11,11:09:34,SRM,23jcMQ,srm,luva2,Patrick,macaco,Interface: srm,luva2,78
2023-05-11,11:09:38,SRM,14obZG,srm,luva1,Samuel,gato,Interface: srm,luva1,88
2023-05-11,11:09:39,SRM,23jcMQ,srm,luva2,Patrick,macaco,Interface: srm,luva2,62
2023-05-11,11:09:42,SRM,91jxMC,srm,luva1,Samuel,gato,Interface: socket.io,saiu da sala ou perdeu conexao,
2023-05-11,11:09:42,SRM,91jxMC,srm,luva1,Samuel,gato,Interface: desenho,Reconectou - Atualização de página - F5,
2023-05-11,11:09:42,SRM,14obZG,srm,luva1,Samuel,gato,Interface: srm,luva1,84
2023-05-11,11:09:43,SRM,91jxMC,srm,luva1,Samuel,gato,Interface: socket.io,entrou na sala - Registrou participante no socket.io,
2023-05-11,11:09:45,SRM,23jcMQ,srm,luva2,Patrick,macaco,Interface: srm,luva2,62
2023-05-11,11:09:46,SRM,14obZG,srm,luva1,Samuel,gato,Interface: srm,luva1,81
2023-05-11,11:09:46,SRM,91jxMC,srm,luva1,Samuel,gato,Interface: srm,luva1,81
2023-05-11,11:09:48,SRM,55rwXO,web,,p.jesus,panda,Interface: Sistema,Inicia estrofe 1,castelo_qr
2023-05-11,11:09:49,SRM,23jcMQ,srm,luva2,Patrick,macaco,Interface: srm,luva2,81
2023-05-11,11:09:50,SRM,14obZG,srm,luva1,Samuel,gato,Interface: srm,luva1,92
2023-05-11,11:09:50,SRM,91jxMC,srm,luva1,Samuel,gato,Interface: srm,luva1,92
2023-05-11,11:09:53,SRM,23jcMQ,srm,luva2,Patrick,macaco,Interface: srm,luva2,69
2023-05-11,11:09:54,SRM,14obZG,srm,luva1,Samuel,gato,Interface: srm,luva1,91
2023-05-11,11:09:54,SRM,91jxMC,srm,luva1,Samuel,gato,Interface: srm,luva1,91
2023-05-11,11:09:57,SRM,23jcMQ,srm,luva2,Patrick,macaco,Interface: srm,luva2,83
2023-05-11,11:09:58,SRM,14obZG,srm,luva1,Samuel,gato,Interface: srm,luva1,81
2023-05-11,11:09:58,SRM,91jxMC,srm,luva1,Samuel,gato,Interface: srm,luva1,81
2023-05-11,11:10:01,SRM,23jcMQ,srm,luva2,Patrick,macaco,Interface: srm,luva2,76
2023-05-11,11:10:02,SRM,14obZG,srm,luva1,Samuel,gato,Interface: srm,luva1,84
2023-05-11,11:10:02,SRM,91jxMC,srm,luva1,Samuel,gato,Interface: srm,luva1,84
2023-05-11,11:10:03,SRM,66mrYL,web,,jose,cachorro,Interface: camera,Sistema escaneou o QR Code de Código 01,sol
2023-05-11,11:10:03,SRM,66mrYL,web,,jose,cachorro,Interface: Sistema,Estrofe 1 em andamento. Enviar avatar,sol
2023-05-11,11:10:03,SRM,66mrYL,web,,jose,cachorro,Interface: folha desenho,Participante mostrou qr-code 01,SRM_2023_05_11_11h_10m_03s_66mrYL_jose.jpg
2023-05-11,11:10:04,SRM,08tsLO,web,,joao pedro,lobo,Interface: camera,Sistema escaneou o QR Code de Código 01,sol
2023-05-11,11:10:04,SRM,08tsLO,web,,joao pedro,lobo,Interface: Sistema,Estrofe 1 em andamento. Enviar avatar,sol
2023-05-11,11:10:04,SRM,08tsLO,web,,joao pedro,lobo,Interface: folha desenho,Participante mostrou qr-code 01,SRM_2023_05_11_11h_10m_04s_08tsLO_joao pedro.jpg
2023-05-11,11:10:05,SRM,23jcMQ,srm,luva2,Patrick,macaco,Interface: srm,luva2,76
2023-05-11,11:10:06,SRM,14obZG,srm,luva1,Samuel,gato,Interface: srm,luva1,89
2023-05-11,11:10:06,SRM,91jxMC,srm,luva1,Samuel,gato,Interface: srm,luva1,89
2023-05-11,11:10:07,SRM,66mrYL,web,,jose,cachorro,Interface: camera,Sistema escaneou o QR Code de Código 01,sol
2023-05-11,11:10:07,SRM,66mrYL,web,,jose,cachorro,Interface: Sistema,Votação para a estrofe 1,sol
2023-05-11,11:10:07,SRM,66mrYL,web,,jose,cachorro,Interface: folha desenho,Participante mostrou qr-code 01,SRM_2023_05_11_11h_10m_07s_66mrYL_jose.jpg
2023-05-11,11:10:09,SRM,23jcMQ,srm,luva2,Patrick,macaco,Interface: srm,luva2,76
2023-05-11,11:10:09,SRM,38igWL,web,,Rafela e Augusto,urso,Interface: camera,Sistema escaneou o QR Code de Código 01,sol
2023-05-11,11:10:09,SRM,38igWL,web,,Rafela e Augusto,urso,Interface: Sistema,Estrofe 1 em andamento. Enviar avatar,sol
2023-05-11,11:10:09,SRM,08tsLO,web,,joao pedro,lobo,Interface: camera,Sistema escaneou o QR Code de Código 01,sol
2023-05-11,11:10:09,SRM,08tsLO,web,,joao pedro,lobo,Interface: Sistema,Votação para a estrofe 1,sol
2023-05-11,11:10:10,SRM,08tsLO,web,,joao pedro,lobo,Interface: folha desenho,Participante mostrou qr-code 01,SRM_2023_05_11_11h_10m_10s_08tsLO_joao pedro.jpg
2023-05-11,11:10:10,SRM,38igWL,web,,Rafela e Augusto,urso,Interface: folha desenho,Participante mostrou qr-code 01,SRM_2023_05_11_11h_10m_10s_38igWL_Rafela e Augusto.jpg
2023-05-11,11:10:10,SRM,14obZG,srm,luva1,Samuel,gato,Interface: srm,luva1,80
2023-05-11,11:10:10,SRM,91jxMC,srm,luva1,Samuel,gato,Interface: srm,luva1,80
2023-05-11,11:10:13,SRM,23jcMQ,srm,luva2,Patrick,macaco,Interface: srm,luva2,87
2023-05-11,11:10:13,SRM,08tsLO,web,,joao pedro,lobo,Interface: camera,Sistema escaneou o QR Code de Código 01,sol
2023-05-11,11:10:13,SRM,08tsLO,web,,joao pedro,lobo,Interface: Sistema,Votação para a estrofe 1,sol
2023-05-11,11:10:13,SRM,08tsLO,web,,joao pedro,lobo,Interface: folha desenho,Participante mostrou qr-code 01,SRM_2023_05_11_11h_10m_13s_08tsLO_joao pedro.jpg
2023-05-11,11:10:14,SRM,14obZG,srm,luva1,Samuel,gato,Interface: srm,luva1,85
2023-05-11,11:10:14,SRM,91jxMC,srm,luva1,Samuel,gato,Interface: srm,luva1,85
2023-05-11,11:10:17,SRM,23jcMQ,srm,luva2,Patrick,macaco,Interface: srm,luva2,88
2023-05-11,11:10:18,SRM,14obZG,srm,luva1,Samuel,gato,Interface: srm,luva1,83
2023-05-11,11:10:18,SRM,91jxMC,srm,luva1,Samuel,gato,Interface: srm,luva1,83
2023-05-11,11:10:21,SRM,23jcMQ,srm,luva2,Patrick,macaco,Interface: srm,luva2,67
2023-05-11,11:10:22,SRM,14obZG,srm,luva1,Samuel,gato,Interface: srm,luva1,84
2023-05-11,11:10:22,SRM,91jxMC,srm,luva1,Samuel,gato,Interface: srm,luva1,84
2023-05-11,11:10:23,SRM,66mrYL,web,,jose,cachorro,Interface: camera,Sistema escaneou o QR Code de Código 03,tinta
2023-05-11,11:10:23,SRM,66mrYL,web,,jose,cachorro,Interface: Sistema,Inicia estrofe 2,tinta
2023-05-11,11:10:23,SRM,66mrYL,web,,jose,cachorro,Interface: folha desenho,Participante mostrou qr-code 03,SRM_2023_05_11_11h_10m_23s_66mrYL_jose.jpg
2023-05-11,11:10:26,SRM,38igWL,web,,Rafela e Augusto,urso,Interface: folha desenho,Participante Rafela e Augusto tirou uma foto,SRM_2023_05_11_11h_10m_26s_38igWL_Rafela e Augusto.jpg
2023-05-11,11:10:26,SRM,14obZG,srm,luva1,Samuel,gato,Interface: srm,luva1,72
2023-05-11,11:10:26,SRM,91jxMC,srm,luva1,Samuel,gato,Interface: srm,luva1,72
2023-05-11,11:10:26,SRM,66mrYL,web,,jose,cachorro,Interface: camera,Sistema escaneou o QR Code de Código 03,tinta
2023-05-11,11:10:26,SRM,66mrYL,web,,jose,cachorro,Interface: Sistema,Votação para a estrofe 2,tinta
2023-05-11,11:10:26,SRM,66mrYL,web,,jose,cachorro,Interface: folha desenho,Participante mostrou qr-code 03,SRM_2023_05_11_11h_10m_26s_66mrYL_jose.jpg
2023-05-11,11:10:31,SRM,91jxMC,srm,luva1,Samuel,gato,Interface: camera,Sistema escaneou o QR Code de Código 01,sol
2023-05-11,11:10:31,SRM,91jxMC,srm,luva1,Samuel,gato,Interface: Sistema,Votação para a estrofe 1,sol
2023-05-11,11:10:31,SRM,91jxMC,srm,luva1,Samuel,gato,Interface: folha desenho,Participante mostrou qr-code 01,SRM_2023_05_11_11h_10m_31s_91jxMC_Samuel.jpg
2023-05-11,11:10:31,SRM,14obZG,srm,luva1,Samuel,gato,Interface: srm,luva1,66
2023-05-11,11:10:31,SRM,91jxMC,srm,luva1,Samuel,gato,Interface: srm,luva1,66
2023-05-11,11:10:35,SRM,14obZG,srm,luva1,Samuel,gato,Interface: srm,luva1,65
2023-05-11,11:10:35,SRM,91jxMC,srm,luva1,Samuel,gato,Interface: srm,luva1,65
2023-05-11,11:10:39,SRM,66mrYL,web,,jose,cachorro,Interface: camera,Sistema escaneou o QR Code de Código 02,castelo_qr
2023-05-11,11:10:39,SRM,66mrYL,web,,jose,cachorro,Interface: Sistema,Votação para a estrofe 1,castelo_qr
2023-05-11,11:10:39,SRM,66mrYL,web,,jose,cachorro,Interface: folha desenho,Participante mostrou qr-code 02,SRM_2023_05_11_11h_10m_39s_66mrYL_jose.jpg
2023-05-11,11:10:39,SRM,14obZG,srm,luva1,Samuel,gato,Interface: srm,luva1,81
2023-05-11,11:10:39,SRM,91jxMC,srm,luva1,Samuel,gato,Interface: srm,luva1,81
2023-05-11,11:10:42,SRM,91jxMC,srm,luva1,Samuel,gato,Interface: folha desenho,Participante Samuel tirou uma foto,SRM_2023_05_11_11h_10m_42s_91jxMC_Samuel.jpg
2023-05-11,11:10:43,SRM,66mrYL,web,,jose,cachorro,Interface: camera,Sistema escaneou o QR Code de Código 02,castelo_qr
2023-05-11,11:10:43,SRM,66mrYL,web,,jose,cachorro,Interface: Sistema,Votação para a estrofe 1,castelo_qr
2023-05-11,11:10:43,SRM,66mrYL,web,,jose,cachorro,Interface: folha desenho,Participante mostrou qr-code 02,SRM_2023_05_11_11h_10m_43s_66mrYL_jose.jpg
2023-05-11,11:10:43,SRM,14obZG,srm,luva1,Samuel,gato,Interface: srm,luva1,77
2023-05-11,11:10:43,SRM,91jxMC,srm,luva1,Samuel,gato,Interface: srm,luva1,77
2023-05-11,11:10:44,SRM,96nsGE,srm,luva2,Patrick,macaco,Interface: desenho,Fez login e iniciou os cookies com (96nsGE) (Patrick) e (macaco),
2023-05-11,11:10:45,SRM,96nsGE,srm,luva2,Patrick,macaco,Interface: desenho,Reconectou - Atualização de página - F5,
2023-05-11,11:10:46,SRM,66mrYL,web,,jose,cachorro,Interface: camera,Sistema escaneou o QR Code de Código 02,castelo_qr
2023-05-11,11:10:46,SRM,66mrYL,web,,jose,cachorro,Interface: Sistema,Votação para a estrofe 1,castelo_qr
2023-05-11,11:10:46,SRM,66mrYL,web,,jose,cachorro,Interface: folha desenho,Participante mostrou qr-code 02,SRM_2023_05_11_11h_10m_46s_66mrYL_jose.jpg
2023-05-11,11:10:47,SRM,14obZG,srm,luva1,Samuel,gato,Interface: srm,luva1,73
2023-05-11,11:10:47,SRM,91jxMC,srm,luva1,Samuel,gato,Interface: srm,luva1,73
2023-05-11,11:10:47,SRM,23jcMQ,srm,luva2,Patrick,macaco,Interface: camera,Sistema escaneou o QR Code de Código 84,triste
2023-05-11,11:10:47,SRM,23jcMQ,srm,luva2,Patrick,macaco,Interface: Sistema,Sistema mostrou emoção e enviou para o Físico84,triste
2023-05-11,11:10:50,SRM,23jcMQ,srm,luva2,Patrick,macaco,Interface: srm,luva2,75
2023-05-11,11:10:51,SRM,14obZG,srm,luva1,Samuel,gato,Interface: srm,luva1,95
2023-05-11,11:10:51,SRM,91jxMC,srm,luva1,Samuel,gato,Interface: srm,luva1,95
2023-05-11,11:10:53,SRM,66mrYL,web,,jose,cachorro,Interface: camera,Sistema escaneou o QR Code de Código 03,tinta
2023-05-11,11:10:53,SRM,66mrYL,web,,jose,cachorro,Interface: Sistema,Votação para a estrofe 2,tinta
2023-05-11,11:10:53,SRM,66mrYL,web,,jose,cachorro,Interface: folha desenho,Participante mostrou qr-code 03,SRM_2023_05_11_11h_10m_53s_66mrYL_jose.jpg
2023-05-11,11:10:54,SRM,23jcMQ,srm,luva2,Patrick,macaco,Interface: srm,luva2,89
2023-05-11,11:10:55,SRM,08tsLO,web,,joao pedro,lobo,Interface: camera,Sistema escaneou o QR Code de Código 03,tinta
2023-05-11,11:10:55,SRM,08tsLO,web,,joao pedro,lobo,Interface: Sistema,Estrofe 2 em andamento. Enviar avatar,tinta
2023-05-11,11:10:55,SRM,08tsLO,web,,joao pedro,lobo,Interface: folha desenho,Participante mostrou qr-code 03,SRM_2023_05_11_11h_10m_55s_08tsLO_joao pedro.jpg
2023-05-11,11:10:55,SRM,14obZG,srm,luva1,Samuel,gato,Interface: srm,luva1,85
2023-05-11,11:10:55,SRM,91jxMC,srm,luva1,Samuel,gato,Interface: srm,luva1,85
2023-05-11,11:10:57,SRM,66mrYL,web,,jose,cachorro,Interface: camera,Sistema escaneou o QR Code de Código 03,tinta
2023-05-11,11:10:57,SRM,23jcMQ,srm,luva2,Patrick,macaco,Interface: socket.io,saiu da sala ou perdeu conexao,
2023-05-11,11:10:57,SRM,66mrYL,web,,jose,cachorro,Interface: Sistema,Inicia estrofe 2,tinta
2023-05-11,11:10:58,SRM,66mrYL,web,,jose,cachorro,Interface: folha desenho,Participante mostrou qr-code 03,SRM_2023_05_11_11h_10m_58s_66mrYL_jose.jpg
2023-05-11,11:10:59,SRM,91jxMC,srm,luva1,Samuel,gato,Interface: camera,Sistema escaneou o QR Code de Código 03,tinta
2023-05-11,11:10:59,SRM,91jxMC,srm,luva1,Samuel,gato,Interface: Sistema,Estrofe 2 em andamento. Enviar avatar,tinta
2023-05-11,11:10:59,SRM,91jxMC,srm,luva1,Samuel,gato,Interface: folha desenho,Participante mostrou qr-code 03,SRM_2023_05_11_11h_10m_59s_91jxMC_Samuel.jpg
2023-05-11,11:10:59,SRM,14obZG,srm,luva1,Samuel,gato,Interface: srm,luva1,88
2023-05-11,11:10:59,SRM,91jxMC,srm,luva1,Samuel,gato,Interface: srm,luva1,88
2023-05-11,11:11:02,SRM,91jxMC,srm,luva1,Samuel,gato,Interface: camera,Sistema escaneou o QR Code de Código 03,tinta
2023-05-11,11:11:02,SRM,91jxMC,srm,luva1,Samuel,gato,Interface: Sistema,Votação para a estrofe 2,tinta
2023-05-11,11:11:02,SRM,91jxMC,srm,luva1,Samuel,gato,Interface: folha desenho,Participante mostrou qr-code 03,SRM_2023_05_11_11h_11m_02s_91jxMC_Samuel.jpg
2023-05-11,11:11:03,SRM,14obZG,srm,luva1,Samuel,gato,Interface: srm,luva1,76
2023-05-11,11:11:03,SRM,91jxMC,srm,luva1,Samuel,gato,Interface: srm,luva1,76
2023-05-11,11:11:08,SRM,14obZG,srm,luva1,Samuel,gato,Interface: srm,luva1,75
2023-05-11,11:11:08,SRM,91jxMC,srm,luva1,Samuel,gato,Interface: srm,luva1,75
2023-05-11,11:11:12,SRM,14obZG,srm,luva1,Samuel,gato,Interface: srm,luva1,81
2023-05-11,11:11:12,SRM,91jxMC,srm,luva1,Samuel,gato,Interface: srm,luva1,81
2023-05-11,11:11:12,SRM,66mrYL,web,,jose,cachorro,Interface: folha desenho,Participante jose tirou uma foto,SRM_2023_05_11_11h_11m_12s_66mrYL_jose.jpg
2023-05-11,11:11:14,SRM,38igWL,web,,Rafela e Augusto,urso,Interface: camera,Sistema escaneou o QR Code de Código 82,feliz
2023-05-11,11:11:14,SRM,38igWL,web,,Rafela e Augusto,urso,Interface: Sistema,Sistema mostrou emoção e enviou para o Físico82,feliz
2023-05-11,11:11:15,SRM,38igWL,web,,Rafela e Augusto,urso,Interface: folha desenho,Participante mostrou qr-code 82,SRM_2023_05_11_11h_11m_15s_38igWL_Rafela e Augusto.jpg
2023-05-11,11:11:16,SRM,14obZG,srm,luva1,Samuel,gato,Interface: srm,luva1,66
2023-05-11,11:11:16,SRM,91jxMC,srm,luva1,Samuel,gato,Interface: srm,luva1,66
2023-05-11,11:11:16,SRM,23jcMQ,srm,luva2,Patrick,macaco,Interface: camera,Sistema escaneou o QR Code de Código 82,feliz
2023-05-11,11:11:16,SRM,23jcMQ,srm,luva2,Patrick,macaco,Interface: Sistema,Sistema mostrou emoção e enviou para o Físico82,feliz
2023-05-11,11:11:16,SRM,23jcMQ,srm,luva2,Patrick,macaco,Interface: folha desenho,Participante mostrou qr-code 82,SRM_2023_05_11_11h_11m_16s_23jcMQ_Patrick.jpg
2023-05-11,11:11:16,SRM,23jcMQ,srm,luva2,Patrick,macaco,Interface: socket.io,entrou na sala - Registrou participante no socket.io,
2023-05-11,11:11:16,SRM,91jxMC,srm,luva1,Samuel,gato,Interface: camera,Sistema escaneou o QR Code de Código 05,barco
2023-05-11,11:11:16,SRM,91jxMC,srm,luva1,Samuel,gato,Interface: Sistema,Votação para a estrofe 3,barco
2023-05-11,11:11:16,SRM,91jxMC,srm,luva1,Samuel,gato,Interface: folha desenho,Participante mostrou qr-code 05,SRM_2023_05_11_11h_11m_16s_91jxMC_Samuel.jpg
2023-05-11,11:11:19,SRM,23jcMQ,srm,luva2,Patrick,macaco,Interface: srm,luva2,74
2023-05-11,11:11:20,SRM,38igWL,web,,Rafela e Augusto,urso,Interface: camera,Sistema escaneou o QR Code de Código 82,feliz
2023-05-11,11:11:20,SRM,38igWL,web,,Rafela e Augusto,urso,Interface: Sistema,Sistema mostrou emoção e enviou para o Físico82,feliz
2023-05-11,11:11:20,SRM,38igWL,web,,Rafela e Augusto,urso,Interface: folha desenho,Participante mostrou qr-code 82,SRM_2023_05_11_11h_11m_20s_38igWL_Rafela e Augusto.jpg
2023-05-11,11:11:23,SRM,23jcMQ,srm,luva2,Patrick,macaco,Interface: srm,luva2,85
2023-05-11,11:11:23,SRM,14obZG,srm,luva1,Samuel,gato,Interface: srm,luva1,67
2023-05-11,11:11:23,SRM,91jxMC,srm,luva1,Samuel,gato,Interface: srm,luva1,67
2023-05-11,11:11:26,SRM,91jxMC,srm,luva1,Samuel,gato,Interface: folha desenho,Participante Samuel tirou uma foto,SRM_2023_05_11_11h_11m_26s_91jxMC_Samuel.jpg
2023-05-11,11:11:26,SRM,66mrYL,web,,jose,cachorro,Interface: folha desenho,Participante jose tirou uma foto,SRM_2023_05_11_11h_11m_26s_66mrYL_jose.jpg
2023-05-11,11:11:27,SRM,23jcMQ,srm,luva2,Patrick,macaco,Interface: srm,luva2,85
2023-05-11,11:11:27,SRM,14obZG,srm,luva1,Samuel,gato,Interface: srm,luva1,100
2023-05-11,11:11:27,SRM,91jxMC,srm,luva1,Samuel,gato,Interface: srm,luva1,100
2023-05-11,11:11:28,SRM,14obZG,srm,luva1,Samuel,gato,Interface: Sistema,Inicia estrofe 1,sol
2023-05-11,11:11:28,SRM,14obZG,srm,luva1,Samuel,gato,Interface: Sistema,Estrofe 1 em andamento. Enviar avatar,castelo_qr
2023-05-11,11:11:28,SRM,14obZG,srm,luva1,Samuel,gato,Interface: Sistema,Votação para a estrofe 1,castelo_qr
2023-05-11,11:11:28,SRM,14obZG,srm,luva1,Samuel,gato,Interface: Sistema,Votação para a estrofe 1,castelo_qr
2023-05-11,11:11:30,SRM,08tsLO,web,,joao pedro,lobo,Interface: camera,Sistema escaneou o QR Code de Código 04,passaro
2023-05-11,11:11:30,SRM,08tsLO,web,,joao pedro,lobo,Interface: Sistema,Votação para a estrofe 2,passaro
2023-05-11,11:11:30,SRM,08tsLO,web,,joao pedro,lobo,Interface: folha desenho,Participante mostrou qr-code 04,SRM_2023_05_11_11h_11m_30s_08tsLO_joao pedro.jpg
2023-05-11,11:11:31,SRM,23jcMQ,srm,luva2,Patrick,macaco,Interface: srm,luva2,71
2023-05-11,11:11:31,SRM,14obZG,srm,luva1,Samuel,gato,Interface: srm,luva1,100
2023-05-11,11:11:31,SRM,91jxMC,srm,luva1,Samuel,gato,Interface: srm,luva1,100
2023-05-11,11:11:31,SRM,66mrYL,web,,jose,cachorro,Interface: folha desenho,Participante jose tirou uma foto,SRM_2023_05_11_11h_11m_31s_66mrYL_jose.jpg
2023-05-11,11:11:32,SRM,23jcMQ,srm,luva2,Patrick,macaco,Interface: camera,Sistema escaneou o QR Code de Código 86,calmo
2023-05-11,11:11:32,SRM,23jcMQ,srm,luva2,Patrick,macaco,Interface: Sistema,Sistema mostrou emoção e enviou para o Físico86,calmo
2023-05-11,11:11:32,SRM,23jcMQ,srm,luva2,Patrick,macaco,Interface: folha desenho,Participante mostrou qr-code 86,SRM_2023_05_11_11h_11m_32s_23jcMQ_Patrick.jpg
2023-05-11,11:11:33,SRM,08tsLO,web,,joao pedro,lobo,Interface: camera,Sistema escaneou o QR Code de Código 04,passaro
2023-05-11,11:11:33,SRM,08tsLO,web,,joao pedro,lobo,Interface: Sistema,Votação para a estrofe 2,passaro
2023-05-11,11:11:33,SRM,08tsLO,web,,joao pedro,lobo,Interface: folha desenho,Participante mostrou qr-code 04,SRM_2023_05_11_11h_11m_33s_08tsLO_joao pedro.jpg
2023-05-11,11:11:35,SRM,23jcMQ,srm,luva2,Patrick,macaco,Interface: srm,luva2,85
2023-05-11,11:11:35,SRM,14obZG,srm,luva1,Samuel,gato,Interface: srm,luva1,91
2023-05-11,11:11:35,SRM,91jxMC,srm,luva1,Samuel,gato,Interface: srm,luva1,91
2023-05-11,11:11:36,SRM,08tsLO,web,,joao pedro,lobo,Interface: camera,Sistema escaneou o QR Code de Código 01,sol
2023-05-11,11:11:36,SRM,08tsLO,web,,joao pedro,lobo,Interface: Sistema,Estrofe 1 em andamento. Enviar avatar,sol
2023-05-11,11:11:36,SRM,08tsLO,web,,joao pedro,lobo,Interface: folha desenho,Participante mostrou qr-code 01,SRM_2023_05_11_11h_11m_36s_08tsLO_joao pedro.jpg
2023-05-11,11:11:37,SRM,38igWL,web,,Rafela e Augusto,urso,Interface: camera,Sistema escaneou o QR Code de Código 01,sol
2023-05-11,11:11:37,SRM,38igWL,web,,Rafela e Augusto,urso,Interface: Sistema,Estrofe 1 em andamento. Enviar avatar,sol
2023-05-11,11:11:37,SRM,38igWL,web,,Rafela e Augusto,urso,Interface: folha desenho,Participante mostrou qr-code 01,SRM_2023_05_11_11h_11m_37s_38igWL_Rafela e Augusto.jpg
2023-05-11,11:11:38,SRM,91jxMC,srm,luva1,Samuel,gato,Interface: camera,Sistema escaneou o QR Code de Código 04,passaro
2023-05-11,11:11:38,SRM,91jxMC,srm,luva1,Samuel,gato,Interface: Sistema,Votação para a estrofe 2,passaro
2023-05-11,11:11:38,SRM,91jxMC,srm,luva1,Samuel,gato,Interface: folha desenho,Participante mostrou qr-code 04,SRM_2023_05_11_11h_11m_38s_91jxMC_Samuel.jpg
2023-05-11,11:11:39,SRM,23jcMQ,srm,luva2,Patrick,macaco,Interface: srm,luva2,93
2023-05-11,11:11:39,SRM,14obZG,srm,luva1,Samuel,gato,Interface: srm,luva1,68
2023-05-11,11:11:39,SRM,91jxMC,srm,luva1,Samuel,gato,Interface: srm,luva1,68
2023-05-11,11:11:41,SRM,66mrYL,web,,jose,cachorro,Interface: camera,Sistema escaneou o QR Code de Código 06,aviao
2023-05-11,11:11:41,SRM,66mrYL,web,,jose,cachorro,Interface: Sistema,Votação para a estrofe 4,aviao
2023-05-11,11:11:41,SRM,66mrYL,web,,jose,cachorro,Interface: folha desenho,Participante mostrou qr-code 06,SRM_2023_05_11_11h_11m_41s_66mrYL_jose.jpg
2023-05-11,11:11:43,SRM,14obZG,srm,luva1,Samuel,gato,Interface: srm,luva1,86
2023-05-11,11:11:43,SRM,91jxMC,srm,luva1,Samuel,gato,Interface: srm,luva1,86
2023-05-11,11:11:45,SRM,66mrYL,web,,jose,cachorro,Interface: camera,Sistema escaneou o QR Code de Código 06,aviao
2023-05-11,11:11:45,SRM,66mrYL,web,,jose,cachorro,Interface: Sistema,Votação para a estrofe 4,aviao
2023-05-11,11:11:45,SRM,66mrYL,web,,jose,cachorro,Interface: folha desenho,Participante mostrou qr-code 06,SRM_2023_05_11_11h_11m_45s_66mrYL_jose.jpg
2023-05-11,11:11:45,SRM,23jcMQ,srm,luva2,Patrick,macaco,Interface: srm,luva2,71
2023-05-11,11:11:47,SRM,14obZG,srm,luva1,Samuel,gato,Interface: srm,luva1,64
2023-05-11,11:11:47,SRM,91jxMC,srm,luva1,Samuel,gato,Interface: srm,luva1,64
2023-05-11,11:11:49,SRM,23jcMQ,srm,luva2,Patrick,macaco,Interface: srm,luva2,71
2023-05-11,11:11:50,SRM,38igWL,web,,Rafela e Augusto,urso,Interface: folha desenho,Participante Rafela e Augusto tirou uma foto,SRM_2023_05_11_11h_11m_50s_38igWL_Rafela e Augusto.jpg
2023-05-11,11:11:51,SRM,14obZG,srm,luva1,Samuel,gato,Interface: srm,luva1,84
2023-05-11,11:11:51,SRM,91jxMC,srm,luva1,Samuel,gato,Interface: srm,luva1,84
2023-05-11,11:11:53,SRM,23jcMQ,srm,luva2,Patrick,macaco,Interface: srm,luva2,103
2023-05-11,11:11:55,SRM,14obZG,srm,luva1,Samuel,gato,Interface: srm,luva1,87
2023-05-11,11:11:55,SRM,91jxMC,srm,luva1,Samuel,gato,Interface: srm,luva1,87
2023-05-11,11:11:57,SRM,23jcMQ,srm,luva2,Patrick,macaco,Interface: srm,luva2,113
2023-05-11,11:11:59,SRM,14obZG,srm,luva1,Samuel,gato,Interface: srm,luva1,99
2023-05-11,11:11:59,SRM,91jxMC,srm,luva1,Samuel,gato,Interface: srm,luva1,99
2023-05-11,11:12:00,SRM,23jcMQ,srm,luva2,Patrick,macaco,Interface: camera,Sistema escaneou o QR Code de Código 82,feliz
2023-05-11,11:12:00,SRM,23jcMQ,srm,luva2,Patrick,macaco,Interface: Sistema,Sistema mostrou emoção e enviou para o Físico82,feliz
2023-05-11,11:12:01,SRM,23jcMQ,srm,luva2,Patrick,macaco,Interface: folha desenho,Participante mostrou qr-code 82,SRM_2023_05_11_11h_12m_01s_23jcMQ_Patrick.jpg
2023-05-11,11:12:01,SRM,23jcMQ,srm,luva2,Patrick,macaco,Interface: Sistema,Inicia estrofe 2,passaro
2023-05-11,11:12:01,SRM,23jcMQ,srm,luva2,Patrick,macaco,Interface: Sistema,Votação para a estrofe 2,passaro
2023-05-11,11:12:01,SRM,23jcMQ,srm,luva2,Patrick,macaco,Interface: Sistema,Estrofe 2 em andamento. Enviar avatar,passaro
2023-05-11,11:12:01,SRM,23jcMQ,srm,luva2,Patrick,macaco,Interface: srm,luva2,89
2023-05-11,11:12:03,SRM,14obZG,srm,luva1,Samuel,gato,Interface: srm,luva1,99
2023-05-11,11:12:03,SRM,91jxMC,srm,luva1,Samuel,gato,Interface: srm,luva1,99
2023-05-11,11:12:07,SRM,14obZG,srm,luva1,Samuel,gato,Interface: srm,luva1,80
2023-05-11,11:12:07,SRM,91jxMC,srm,luva1,Samuel,gato,Interface: srm,luva1,80
2023-05-11,11:12:08,SRM,08tsLO,web,,joao pedro,lobo,Interface: camera,Sistema escaneou o QR Code de Código 04,passaro
2023-05-11,11:12:08,SRM,08tsLO,web,,joao pedro,lobo,Interface: Sistema,Votação para a estrofe 2,passaro
2023-05-11,11:12:08,SRM,08tsLO,web,,joao pedro,lobo,Interface: folha desenho,Participante mostrou qr-code 04,SRM_2023_05_11_11h_12m_08s_08tsLO_joao pedro.jpg
2023-05-11,11:12:10,SRM,66mrYL,web,,jose,cachorro,Interface: camera,Sistema escaneou o QR Code de Código 02,castelo_qr
2023-05-11,11:12:10,SRM,66mrYL,web,,jose,cachorro,Interface: Sistema,Votação para a estrofe 1,castelo_qr
2023-05-11,11:12:10,SRM,66mrYL,web,,jose,cachorro,Interface: folha desenho,Participante mostrou qr-code 02,SRM_2023_05_11_11h_12m_10s_66mrYL_jose.jpg
2023-05-11,11:12:11,SRM,38igWL,web,,Rafela e Augusto,urso,Interface: camera,Sistema escaneou o QR Code de Código 03,tinta
2023-05-11,11:12:11,SRM,38igWL,web,,Rafela e Augusto,urso,Interface: Sistema,Estrofe 2 em andamento. Enviar avatar,tinta
2023-05-11,11:12:11,SRM,14obZG,srm,luva1,Samuel,gato,Interface: srm,luva1,76
2023-05-11,11:12:11,SRM,91jxMC,srm,luva1,Samuel,gato,Interface: srm,luva1,76
2023-05-11,11:12:11,SRM,38igWL,web,,Rafela e Augusto,urso,Interface: folha desenho,Participante mostrou qr-code 03,SRM_2023_05_11_11h_12m_11s_38igWL_Rafela e Augusto.jpg
2023-05-11,11:12:12,SRM,23jcMQ,srm,luva2,Patrick,macaco,Interface: srm,luva2,65
2023-05-11,11:12:14,SRM,91jxMC,srm,luva1,Samuel,gato,Interface: camera,Sistema escaneou o QR Code de Código 86,calmo
2023-05-11,11:12:14,SRM,91jxMC,srm,luva1,Samuel,gato,Interface: Sistema,Sistema mostrou emoção e enviou para o Físico86,calmo
2023-05-11,11:12:15,SRM,91jxMC,srm,luva1,Samuel,gato,Interface: folha desenho,Participante mostrou qr-code 86,SRM_2023_05_11_11h_12m_15s_91jxMC_Samuel.jpg
2023-05-11,11:12:15,SRM,14obZG,srm,luva1,Samuel,gato,Interface: srm,luva1,67
2023-05-11,11:12:15,SRM,91jxMC,srm,luva1,Samuel,gato,Interface: srm,luva1,67
2023-05-11,11:12:16,SRM,23jcMQ,srm,luva2,Patrick,macaco,Interface: srm,luva2,65
2023-05-11,11:12:18,SRM,91jxMC,srm,luva1,Samuel,gato,Interface: camera,Sistema escaneou o QR Code de Código 86,calmo
2023-05-11,11:12:18,SRM,91jxMC,srm,luva1,Samuel,gato,Interface: Sistema,Sistema mostrou emoção e enviou para o Físico86,calmo
2023-05-11,11:12:18,SRM,91jxMC,srm,luva1,Samuel,gato,Interface: folha desenho,Participante mostrou qr-code 86,SRM_2023_05_11_11h_12m_18s_91jxMC_Samuel.jpg
2023-05-11,11:12:19,SRM,14obZG,srm,luva1,Samuel,gato,Interface: srm,luva1,83
2023-05-11,11:12:19,SRM,91jxMC,srm,luva1,Samuel,gato,Interface: srm,luva1,83
2023-05-11,11:12:20,SRM,23jcMQ,srm,luva2,Patrick,macaco,Interface: srm,luva2,65
2023-05-11,11:12:23,SRM,14obZG,srm,luva1,Samuel,gato,Interface: srm,luva1,88
2023-05-11,11:12:23,SRM,91jxMC,srm,luva1,Samuel,gato,Interface: srm,luva1,88
2023-05-11,11:12:24,SRM,23jcMQ,srm,luva2,Patrick,macaco,Interface: srm,luva2,65
2023-05-11,11:12:28,SRM,23jcMQ,srm,luva2,Patrick,macaco,Interface: srm,luva2,65
2023-05-11,11:12:29,SRM,14obZG,srm,luva1,Samuel,gato,Interface: srm,luva1,66
2023-05-11,11:12:29,SRM,91jxMC,srm,luva1,Samuel,gato,Interface: srm,luva1,66
2023-05-11,11:12:33,SRM,14obZG,srm,luva1,Samuel,gato,Interface: srm,luva1,81
2023-05-11,11:12:33,SRM,91jxMC,srm,luva1,Samuel,gato,Interface: srm,luva1,81
2023-05-11,11:12:37,SRM,14obZG,srm,luva1,Samuel,gato,Interface: srm,luva1,89
2023-05-11,11:12:37,SRM,91jxMC,srm,luva1,Samuel,gato,Interface: srm,luva1,89
2023-05-11,11:12:40,SRM,96nsGE,srm,luva2,Patrick,macaco,Interface: camera,Sistema escaneou o QR Code de Código 03,tinta
2023-05-11,11:12:40,SRM,96nsGE,srm,luva2,Patrick,macaco,Interface: Sistema,Estrofe 2 em andamento. Enviar avatar,tinta
2023-05-11,11:12:40,SRM,96nsGE,srm,luva2,Patrick,macaco,Interface: folha desenho,Participante mostrou qr-code 03,SRM_2023_05_11_11h_12m_40s_96nsGE_Patrick.jpg
2023-05-11,11:12:41,SRM,14obZG,srm,luva1,Samuel,gato,Interface: srm,luva1,88
2023-05-11,11:12:41,SRM,91jxMC,srm,luva1,Samuel,gato,Interface: srm,luva1,88
2023-05-11,11:12:42,SRM,91jxMC,srm,luva1,Samuel,gato,Interface: camera,Sistema escaneou o QR Code de Código 02,castelo_qr
2023-05-11,11:12:42,SRM,91jxMC,srm,luva1,Samuel,gato,Interface: Sistema,Votação para a estrofe 1,castelo_qr
2023-05-11,11:12:43,SRM,91jxMC,srm,luva1,Samuel,gato,Interface: folha desenho,Participante mostrou qr-code 02,SRM_2023_05_11_11h_12m_43s_91jxMC_Samuel.jpg
2023-05-11,11:12:45,SRM,14obZG,srm,luva1,Samuel,gato,Interface: srm,luva1,77
2023-05-11,11:12:45,SRM,91jxMC,srm,luva1,Samuel,gato,Interface: srm,luva1,77
2023-05-11,11:12:49,SRM,14obZG,srm,luva1,Samuel,gato,Interface: Sistema,Inicia estrofe 4,aviao
2023-05-11,11:12:49,SRM,14obZG,srm,luva1,Samuel,gato,Interface: Sistema,Votação para a estrofe 4,aviao
2023-05-11,11:12:49,SRM,14obZG,srm,luva1,Samuel,gato,Interface: srm,luva1,84
2023-05-11,11:12:49,SRM,91jxMC,srm,luva1,Samuel,gato,Interface: srm,luva1,84
2023-05-11,11:12:50,SRM,96nsGE,srm,luva2,Patrick,macaco,Interface: camera,Sistema escaneou o QR Code de Código 03,tinta
2023-05-11,11:12:50,SRM,96nsGE,srm,luva2,Patrick,macaco,Interface: Sistema,Votação para a estrofe 2,tinta
2023-05-11,11:12:50,SRM,96nsGE,srm,luva2,Patrick,macaco,Interface: folha desenho,Participante mostrou qr-code 03,SRM_2023_05_11_11h_12m_50s_96nsGE_Patrick.jpg
2023-05-11,11:12:52,SRM,08tsLO,web,,joao pedro,lobo,Interface: camera,Sistema escaneou o QR Code de Código 01,sol
2023-05-11,11:12:52,SRM,08tsLO,web,,joao pedro,lobo,Interface: Sistema,Votação para a estrofe 1,sol
2023-05-11,11:12:52,SRM,08tsLO,web,,joao pedro,lobo,Interface: folha desenho,Participante mostrou qr-code 01,SRM_2023_05_11_11h_12m_52s_08tsLO_joao pedro.jpg
2023-05-11,11:12:53,SRM,91jxMC,srm,luva1,Samuel,gato,Interface: camera,Sistema escaneou o QR Code de Código 01,sol
2023-05-11,11:12:53,SRM,91jxMC,srm,luva1,Samuel,gato,Interface: Sistema,Votação para a estrofe 1,sol
2023-05-11,11:12:53,SRM,14obZG,srm,luva1,Samuel,gato,Interface: srm,luva1,82
2023-05-11,11:12:53,SRM,91jxMC,srm,luva1,Samuel,gato,Interface: srm,luva1,82
2023-05-11,11:12:54,SRM,91jxMC,srm,luva1,Samuel,gato,Interface: folha desenho,Participante mostrou qr-code 01,SRM_2023_05_11_11h_12m_54s_91jxMC_Samuel.jpg
2023-05-11,11:12:55,SRM,08tsLO,web,,joao pedro,lobo,Interface: camera,Sistema escaneou o QR Code de Código 01,sol
2023-05-11,11:12:55,SRM,08tsLO,web,,joao pedro,lobo,Interface: Sistema,Votação para a estrofe 1,sol
2023-05-11,11:12:55,SRM,08tsLO,web,,joao pedro,lobo,Interface: folha desenho,Participante mostrou qr-code 01,SRM_2023_05_11_11h_12m_55s_08tsLO_joao pedro.jpg
2023-05-11,11:12:57,SRM,14obZG,srm,luva1,Samuel,gato,Interface: srm,luva1,80
2023-05-11,11:12:57,SRM,91jxMC,srm,luva1,Samuel,gato,Interface: srm,luva1,80
2023-05-11,11:12:58,SRM,23jcMQ,srm,luva2,Patrick,macaco,Interface: srm,luva2,61
2023-05-11,11:12:58,SRM,96nsGE,srm,luva2,Patrick,macaco,Interface: socket.io,saiu da sala ou perdeu conexao,
2023-05-11,11:12:58,SRM,96nsGE,srm,luva2,Patrick,macaco,Interface: desenho,Reconectou - Atualização de página - F5,
2023-05-11,11:12:59,SRM,91jxMC,srm,luva1,Samuel,gato,Interface: camera,Sistema escaneou o QR Code de Código 01,sol
2023-05-11,11:12:59,SRM,91jxMC,srm,luva1,Samuel,gato,Interface: Sistema,Votação para a estrofe 1,sol
2023-05-11,11:12:59,SRM,91jxMC,srm,luva1,Samuel,gato,Interface: folha desenho,Participante mostrou qr-code 01,SRM_2023_05_11_11h_12m_59s_91jxMC_Samuel.jpg
2023-05-11,11:13:01,SRM,14obZG,srm,luva1,Samuel,gato,Interface: srm,luva1,80
2023-05-11,11:13:01,SRM,91jxMC,srm,luva1,Samuel,gato,Interface: srm,luva1,80
2023-05-11,11:13:02,SRM,23jcMQ,srm,luva2,Patrick,macaco,Interface: srm,luva2,78
2023-05-11,11:13:04,SRM,08tsLO,web,,joao pedro,lobo,Interface: camera,Sistema escaneou o QR Code de Código 01,sol
2023-05-11,11:13:04,SRM,08tsLO,web,,joao pedro,lobo,Interface: Sistema,Votação para a estrofe 1,sol
2023-05-11,11:13:04,SRM,08tsLO,web,,joao pedro,lobo,Interface: folha desenho,Participante mostrou qr-code 01,SRM_2023_05_11_11h_13m_04s_08tsLO_joao pedro.jpg
2023-05-11,11:13:05,SRM,96nsGE,srm,luva2,Patrick,macaco,Interface: socket.io,entrou na sala - Registrou participante no socket.io,
2023-05-11,11:13:05,SRM,14obZG,srm,luva1,Samuel,gato,Interface: srm,luva1,79
2023-05-11,11:13:05,SRM,91jxMC,srm,luva1,Samuel,gato,Interface: srm,luva1,79
2023-05-11,11:13:09,SRM,38igWL,web,,Rafela e Augusto,urso,Interface: folha desenho,Participante Rafela e Augusto tirou uma foto,SRM_2023_05_11_11h_13m_09s_38igWL_Rafela e Augusto.jpg
2023-05-11,11:13:10,SRM,14obZG,srm,luva1,Samuel,gato,Interface: srm,luva1,97
2023-05-11,11:13:10,SRM,91jxMC,srm,luva1,Samuel,gato,Interface: srm,luva1,97
2023-05-11,11:13:12,SRM,23jcMQ,srm,luva2,Patrick,macaco,Interface: srm,luva2,65
2023-05-11,11:13:12,SRM,96nsGE,srm,luva2,Patrick,macaco,Interface: srm,luva2,65
2023-05-11,11:13:14,SRM,14obZG,srm,luva1,Samuel,gato,Interface: srm,luva1,84
2023-05-11,11:13:14,SRM,91jxMC,srm,luva1,Samuel,gato,Interface: srm,luva1,84
2023-05-11,11:13:16,SRM,23jcMQ,srm,luva2,Patrick,macaco,Interface: srm,luva2,66
2023-05-11,11:13:16,SRM,96nsGE,srm,luva2,Patrick,macaco,Interface: srm,luva2,66
2023-05-11,11:13:18,SRM,14obZG,srm,luva1,Samuel,gato,Interface: srm,luva1,81
2023-05-11,11:13:18,SRM,91jxMC,srm,luva1,Samuel,gato,Interface: srm,luva1,81
2023-05-11,11:13:20,SRM,23jcMQ,srm,luva2,Patrick,macaco,Interface: srm,luva2,64
2023-05-11,11:13:20,SRM,96nsGE,srm,luva2,Patrick,macaco,Interface: srm,luva2,64
2023-05-11,11:13:22,SRM,14obZG,srm,luva1,Samuel,gato,Interface: srm,luva1,86
2023-05-11,11:13:22,SRM,91jxMC,srm,luva1,Samuel,gato,Interface: srm,luva1,86
2023-05-11,11:13:22,SRM,14obZG,srm,luva1,Samuel,gato,Interface: Sistema,Inicia estrofe 1,castelo_qr
2023-05-11,11:13:22,SRM,14obZG,srm,luva1,Samuel,gato,Interface: Sistema,Estrofe 1 em andamento. Enviar avatar,castelo_qr
2023-05-11,11:13:22,SRM,14obZG,srm,luva1,Samuel,gato,Interface: Sistema,Estrofe 1 em andamento. Enviar avatar,sol
2023-05-11,11:13:22,SRM,14obZG,srm,luva1,Samuel,gato,Interface: Sistema,Votação para a estrofe 1,sol
2023-05-11,11:13:22,SRM,14obZG,srm,luva1,Samuel,gato,Interface: Sistema,Votação para a estrofe 1,sol
2023-05-11,11:13:22,SRM,14obZG,srm,luva1,Samuel,gato,Interface: Sistema,Votação para a estrofe 1,sol
2023-05-11,11:13:24,SRM,91jxMC,srm,luva1,Samuel,gato,Interface: camera,Sistema escaneou o QR Code de Código 05,barco
2023-05-11,11:13:24,SRM,91jxMC,srm,luva1,Samuel,gato,Interface: Sistema,Votação para a estrofe 3,barco
2023-05-11,11:13:24,SRM,23jcMQ,srm,luva2,Patrick,macaco,Interface: srm,luva2,77
2023-05-11,11:13:24,SRM,96nsGE,srm,luva2,Patrick,macaco,Interface: srm,luva2,77
2023-05-11,11:13:24,SRM,91jxMC,srm,luva1,Samuel,gato,Interface: folha desenho,Participante mostrou qr-code 05,SRM_2023_05_11_11h_13m_24s_91jxMC_Samuel.jpg
2023-05-11,11:13:26,SRM,14obZG,srm,luva1,Samuel,gato,Interface: srm,luva1,82
2023-05-11,11:13:26,SRM,91jxMC,srm,luva1,Samuel,gato,Interface: srm,luva1,82
2023-05-11,11:13:28,SRM,91jxMC,srm,luva1,Samuel,gato,Interface: camera,Sistema escaneou o QR Code de Código 05,barco
2023-05-11,11:13:28,SRM,91jxMC,srm,luva1,Samuel,gato,Interface: Sistema,Votação para a estrofe 3,barco
2023-05-11,11:13:28,SRM,91jxMC,srm,luva1,Samuel,gato,Interface: folha desenho,Participante mostrou qr-code 05,SRM_2023_05_11_11h_13m_28s_91jxMC_Samuel.jpg
2023-05-11,11:13:28,SRM,23jcMQ,srm,luva2,Patrick,macaco,Interface: srm,luva2,85
2023-05-11,11:13:28,SRM,96nsGE,srm,luva2,Patrick,macaco,Interface: srm,luva2,85
2023-05-11,11:13:30,SRM,14obZG,srm,luva1,Samuel,gato,Interface: srm,luva1,81
2023-05-11,11:13:30,SRM,91jxMC,srm,luva1,Samuel,gato,Interface: srm,luva1,81
2023-05-11,11:13:34,SRM,14obZG,srm,luva1,Samuel,gato,Interface: srm,luva1,81
2023-05-11,11:13:34,SRM,91jxMC,srm,luva1,Samuel,gato,Interface: srm,luva1,81
2023-05-11,11:13:36,SRM,23jcMQ,srm,luva2,Patrick,macaco,Interface: srm,luva2,63
2023-05-11,11:13:36,SRM,96nsGE,srm,luva2,Patrick,macaco,Interface: srm,luva2,63
2023-05-11,11:13:38,SRM,14obZG,srm,luva1,Samuel,gato,Interface: srm,luva1,81
2023-05-11,11:13:38,SRM,91jxMC,srm,luva1,Samuel,gato,Interface: srm,luva1,81
2023-05-11,11:13:38,SRM,91jxMC,srm,luva1,Samuel,gato,Interface: camera,Sistema escaneou o QR Code de Código 05,barco
2023-05-11,11:13:38,SRM,91jxMC,srm,luva1,Samuel,gato,Interface: Sistema,Votação para a estrofe 3,barco
2023-05-11,11:13:39,SRM,91jxMC,srm,luva1,Samuel,gato,Interface: folha desenho,Participante mostrou qr-code 05,SRM_2023_05_11_11h_13m_39s_91jxMC_Samuel.jpg
2023-05-11,11:13:40,SRM,23jcMQ,srm,luva2,Patrick,macaco,Interface: srm,luva2,91
2023-05-11,11:13:40,SRM,96nsGE,srm,luva2,Patrick,macaco,Interface: srm,luva2,91
2023-05-11,11:13:42,SRM,14obZG,srm,luva1,Samuel,gato,Interface: srm,luva1,86
2023-05-11,11:13:42,SRM,91jxMC,srm,luva1,Samuel,gato,Interface: srm,luva1,86
2023-05-11,11:13:45,SRM,23jcMQ,srm,luva2,Patrick,macaco,Interface: srm,luva2,78
2023-05-11,11:13:45,SRM,96nsGE,srm,luva2,Patrick,macaco,Interface: srm,luva2,78
2023-05-11,11:13:46,SRM,14obZG,srm,luva1,Samuel,gato,Interface: srm,luva1,64
2023-05-11,11:13:46,SRM,91jxMC,srm,luva1,Samuel,gato,Interface: srm,luva1,64
2023-05-11,11:13:46,SRM,66mrYL,web,,jose,cachorro,Interface: camera,Sistema escaneou o QR Code de Código 05,barco
2023-05-11,11:13:46,SRM,66mrYL,web,,jose,cachorro,Interface: Sistema,Votação para a estrofe 3,barco
2023-05-11,11:13:46,SRM,66mrYL,web,,jose,cachorro,Interface: folha desenho,Participante mostrou qr-code 05,SRM_2023_05_11_11h_13m_46s_66mrYL_jose.jpg
2023-05-11,11:13:49,SRM,23jcMQ,srm,luva2,Patrick,macaco,Interface: srm,luva2,74
2023-05-11,11:13:49,SRM,96nsGE,srm,luva2,Patrick,macaco,Interface: srm,luva2,74
2023-05-11,11:13:50,SRM,14obZG,srm,luva1,Samuel,gato,Interface: srm,luva1,84
2023-05-11,11:13:50,SRM,91jxMC,srm,luva1,Samuel,gato,Interface: srm,luva1,84
2023-05-11,11:13:53,SRM,23jcMQ,srm,luva2,Patrick,macaco,Interface: srm,luva2,74
2023-05-11,11:13:53,SRM,96nsGE,srm,luva2,Patrick,macaco,Interface: srm,luva2,74
2023-05-11,11:13:54,SRM,14obZG,srm,luva1,Samuel,gato,Interface: srm,luva1,87
2023-05-11,11:13:54,SRM,91jxMC,srm,luva1,Samuel,gato,Interface: srm,luva1,87
2023-05-11,11:13:57,SRM,23jcMQ,srm,luva2,Patrick,macaco,Interface: srm,luva2,77
2023-05-11,11:13:57,SRM,96nsGE,srm,luva2,Patrick,macaco,Interface: srm,luva2,77
2023-05-11,11:13:58,SRM,14obZG,srm,luva1,Samuel,gato,Interface: srm,luva1,88
2023-05-11,11:13:58,SRM,91jxMC,srm,luva1,Samuel,gato,Interface: srm,luva1,88
2023-05-11,11:14:00,SRM,91jxMC,srm,luva1,Samuel,gato,Interface: camera,Sistema escaneou o QR Code de Código 03,tinta
2023-05-11,11:14:00,SRM,91jxMC,srm,luva1,Samuel,gato,Interface: Sistema,Votação para a estrofe 2,tinta
2023-05-11,11:14:01,SRM,23jcMQ,srm,luva2,Patrick,macaco,Interface: srm,luva2,71
2023-05-11,11:14:01,SRM,96nsGE,srm,luva2,Patrick,macaco,Interface: srm,luva2,71
2023-05-11,11:14:01,SRM,23jcMQ,srm,luva2,Patrick,macaco,Interface: socket.io,saiu da sala ou perdeu conexao,
2023-05-11,11:14:02,SRM,14obZG,srm,luva1,Samuel,gato,Interface: srm,luva1,82
2023-05-11,11:14:02,SRM,91jxMC,srm,luva1,Samuel,gato,Interface: srm,luva1,82
2023-05-11,11:14:05,SRM,91jxMC,srm,luva1,Samuel,gato,Interface: folha desenho,Participante mostrou qr-code 03,SRM_2023_05_11_11h_14m_05s_91jxMC_Samuel.jpg
2023-05-11,11:14:06,SRM,38igWL,web,,Rafela e Augusto,urso,Interface: camera,Sistema escaneou o QR Code de Código 02,castelo_qr
2023-05-11,11:14:06,SRM,38igWL,web,,Rafela e Augusto,urso,Interface: Sistema,Estrofe 1 em andamento. Enviar avatar,castelo_qr
2023-05-11,11:14:06,SRM,14obZG,srm,luva1,Samuel,gato,Interface: srm,luva1,71
2023-05-11,11:14:06,SRM,91jxMC,srm,luva1,Samuel,gato,Interface: srm,luva1,71
2023-05-11,11:14:07,SRM,96nsGE,srm,luva2,Patrick,macaco,Interface: srm,luva2,69
2023-05-11,11:14:09,SRM,91jxMC,srm,luva1,Samuel,gato,Interface: camera,Sistema escaneou o QR Code de Código 03,tinta
2023-05-11,11:14:09,SRM,91jxMC,srm,luva1,Samuel,gato,Interface: Sistema,Votação para a estrofe 2,tinta
2023-05-11,11:14:10,SRM,38igWL,web,,Rafela e Augusto,urso,Interface: socket.io,saiu da sala ou perdeu conexao,
2023-05-11,11:14:10,SRM,14obZG,srm,luva1,Samuel,gato,Interface: srm,luva1,75
2023-05-11,11:14:10,SRM,91jxMC,srm,luva1,Samuel,gato,Interface: srm,luva1,75
2023-05-11,11:14:11,SRM,96nsGE,srm,luva2,Patrick,macaco,Interface: srm,luva2,78
2023-05-11,11:14:11,SRM,66mrYL,web,,jose,cachorro,Interface: camera,Sistema escaneou o QR Code de Código 03,tinta
2023-05-11,11:14:11,SRM,66mrYL,web,,jose,cachorro,Interface: Sistema,Inicia estrofe 2,tinta
2023-05-11,11:14:11,SRM,66mrYL,web,,jose,cachorro,Interface: folha desenho,Participante mostrou qr-code 03,SRM_2023_05_11_11h_14m_11s_66mrYL_jose.jpg
2023-05-11,11:14:11,SRM,38igWL,web,,Rafela e Augusto,urso,Interface: socket.io,entrou na sala - Registrou participante no socket.io,
2023-05-11,11:14:13,SRM,73qxPB,web,,p.evelyn,coelho,Interface: desenho,Fez login e iniciou os cookies com (73qxPB) (p.evelyn) e (coelho),
2023-05-11,11:14:13,SRM,73qxPB,web,,p.evelyn,coelho,Interface: desenho,Reconectou - Atualização de página - F5,
2023-05-11,11:14:14,SRM,14obZG,srm,luva1,Samuel,gato,Interface: srm,luva1,86
2023-05-11,11:14:14,SRM,91jxMC,srm,luva1,Samuel,gato,Interface: srm,luva1,86
2023-05-11,11:14:14,SRM,91jxMC,srm,luva1,Samuel,gato,Interface: folha desenho,Participante mostrou qr-code 03,SRM_2023_05_11_11h_14m_14s_91jxMC_Samuel.jpg
2023-05-11,11:14:15,SRM,96nsGE,srm,luva2,Patrick,macaco,Interface: srm,luva2,78
2023-05-11,11:14:17,SRM,73qxPB,web,,p.evelyn,coelho,Interface: socket.io,entrou na sala - Registrou participante no socket.io,
2023-05-11,11:14:18,SRM,08tsLO,web,,joao pedro,lobo,Interface: camera,Sistema escaneou o QR Code de Código 03,tinta
2023-05-11,11:14:18,SRM,08tsLO,web,,joao pedro,lobo,Interface: Sistema,Estrofe 2 em andamento. Enviar avatar,tinta
2023-05-11,11:14:18,SRM,08tsLO,web,,joao pedro,lobo,Interface: folha desenho,Participante mostrou qr-code 03,SRM_2023_05_11_11h_14m_18s_08tsLO_joao pedro.jpg
2023-05-11,11:14:18,SRM,14obZG,srm,luva1,Samuel,gato,Interface: srm,luva1,85
2023-05-11,11:14:18,SRM,91jxMC,srm,luva1,Samuel,gato,Interface: srm,luva1,85
2023-05-11,11:14:19,SRM,96nsGE,srm,luva2,Patrick,macaco,Interface: srm,luva2,82
2023-05-11,11:14:22,SRM,14obZG,srm,luva1,Samuel,gato,Interface: srm,luva1,87
2023-05-11,11:14:22,SRM,91jxMC,srm,luva1,Samuel,gato,Interface: srm,luva1,87
2023-05-11,11:14:23,SRM,96nsGE,srm,luva2,Patrick,macaco,Interface: srm,luva2,82
2023-05-11,11:14:26,SRM,14obZG,srm,luva1,Samuel,gato,Interface: srm,luva1,82
2023-05-11,11:14:26,SRM,91jxMC,srm,luva1,Samuel,gato,Interface: srm,luva1,82
2023-05-11,11:14:28,SRM,14obZG,srm,luva1,Samuel,gato,Interface: socket.io,saiu da sala ou perdeu conexao,
2023-05-11,11:14:28,SRM,96nsGE,srm,luva2,Patrick,macaco,Interface: camera,Sistema escaneou o QR Code de Código 04,passaro
2023-05-11,11:14:28,SRM,96nsGE,srm,luva2,Patrick,macaco,Interface: Sistema,Estrofe 2 em andamento. Enviar avatar,passaro
2023-05-11,11:14:29,SRM,96nsGE,srm,luva2,Patrick,macaco,Interface: folha desenho,Participante mostrou qr-code 04,SRM_2023_05_11_11h_14m_29s_96nsGE_Patrick.jpg
2023-05-11,11:14:30,SRM,91jxMC,srm,luva1,Samuel,gato,Interface: srm,luva1,80
2023-05-11,11:14:34,SRM,91jxMC,srm,luva1,Samuel,gato,Interface: srm,luva1,74
2023-05-11,11:14:35,SRM,08tsLO,web,,joao pedro,lobo,Interface: camera,Sistema escaneou o QR Code de Código 03,tinta
2023-05-11,11:14:35,SRM,08tsLO,web,,joao pedro,lobo,Interface: Sistema,Votação para a estrofe 2,tinta
2023-05-11,11:14:35,SRM,08tsLO,web,,joao pedro,lobo,Interface: folha desenho,Participante mostrou qr-code 03,SRM_2023_05_11_11h_14m_35s_08tsLO_joao pedro.jpg
2023-05-11,11:14:38,SRM,91jxMC,srm,luva1,Samuel,gato,Interface: srm,luva1,95
2023-05-11,11:14:39,SRM,66mrYL,web,,jose,cachorro,Interface: camera,Sistema escaneou o QR Code de Código 01,sol
2023-05-11,11:14:39,SRM,66mrYL,web,,jose,cachorro,Interface: Sistema,Votação para a estrofe 1,sol
2023-05-11,11:14:39,SRM,66mrYL,web,,jose,cachorro,Interface: folha desenho,Participante mostrou qr-code 01,SRM_2023_05_11_11h_14m_39s_66mrYL_jose.jpg
2023-05-11,11:14:40,SRM,91jxMC,srm,luva1,Samuel,gato,Interface: folha desenho,Participante Samuel tirou uma foto,SRM_2023_05_11_11h_14m_40s_91jxMC_Samuel.jpg
2023-05-11,11:14:42,SRM,96nsGE,srm,luva2,Patrick,macaco,Interface: srm,luva2,62
2023-05-11,11:14:42,SRM,91jxMC,srm,luva1,Samuel,gato,Interface: srm,luva1,109
2023-05-11,11:14:43,SRM,66mrYL,web,,jose,cachorro,Interface: camera,Sistema escaneou o QR Code de Código 01,sol
2023-05-11,11:14:43,SRM,66mrYL,web,,jose,cachorro,Interface: Sistema,Votação para a estrofe 1,sol
2023-05-11,11:14:43,SRM,66mrYL,web,,jose,cachorro,Interface: folha desenho,Participante mostrou qr-code 01,SRM_2023_05_11_11h_14m_43s_66mrYL_jose.jpg
2023-05-11,11:14:44,SRM,55rwXO,web,,p.jesus,panda,Interface: Sistema,Inicia estrofe 3,barco
2023-05-11,11:14:44,SRM,55rwXO,web,,p.jesus,panda,Interface: Sistema,Votação para a estrofe 3,barco
2023-05-11,11:14:44,SRM,55rwXO,web,,p.jesus,panda,Interface: Sistema,Votação para a estrofe 3,barco
2023-05-11,11:14:44,SRM,55rwXO,web,,p.jesus,panda,Interface: Sistema,Votação para a estrofe 3,barco
2023-05-11,11:14:44,SRM,55rwXO,web,,p.jesus,panda,Interface: Sistema,Estrofe 3 em andamento. Enviar avatar,barco
2023-05-11,11:14:45,SRM,38igWL,web,,Rafela e Augusto,urso,Interface: camera,Sistema escaneou o QR Code de Código 82,feliz
2023-05-11,11:14:45,SRM,38igWL,web,,Rafela e Augusto,urso,Interface: Sistema,Sistema mostrou emoção e enviou para o Físico82,feliz
2023-05-11,11:14:45,SRM,96nsGE,srm,luva2,Patrick,macaco,Interface: camera,Sistema escaneou o QR Code de Código 82,feliz
2023-05-11,11:14:45,SRM,96nsGE,srm,luva2,Patrick,macaco,Interface: Sistema,Sistema mostrou emoção e enviou para o Físico82,feliz
2023-05-11,11:14:45,SRM,38igWL,web,,Rafela e Augusto,urso,Interface: folha desenho,Participante mostrou qr-code 82,SRM_2023_05_11_11h_14m_45s_38igWL_Rafela e Augusto.jpg
2023-05-11,11:14:46,SRM,96nsGE,srm,luva2,Patrick,macaco,Interface: folha desenho,Participante mostrou qr-code 82,SRM_2023_05_11_11h_14m_46s_96nsGE_Patrick.jpg
2023-05-11,11:14:46,SRM,96nsGE,srm,luva2,Patrick,macaco,Interface: srm,luva2,62
2023-05-11,11:14:46,SRM,91jxMC,srm,luva1,Samuel,gato,Interface: srm,luva1,73
2023-05-11,11:14:47,SRM,66mrYL,web,,jose,cachorro,Interface: camera,Sistema escaneou o QR Code de Código 01,sol
2023-05-11,11:14:47,SRM,66mrYL,web,,jose,cachorro,Interface: Sistema,Votação para a estrofe 1,sol
2023-05-11,11:14:47,SRM,66mrYL,web,,jose,cachorro,Interface: folha desenho,Participante mostrou qr-code 01,SRM_2023_05_11_11h_14m_47s_66mrYL_jose.jpg
2023-05-11,11:14:49,SRM,91jxMC,srm,luva1,Samuel,gato,Interface: camera,Sistema escaneou o QR Code de Código 83,raiva
2023-05-11,11:14:49,SRM,91jxMC,srm,luva1,Samuel,gato,Interface: Sistema,Sistema mostrou emoção e enviou para o Físico83,raiva
2023-05-11,11:14:49,SRM,91jxMC,srm,luva1,Samuel,gato,Interface: folha desenho,Participante mostrou qr-code 83,SRM_2023_05_11_11h_14m_49s_91jxMC_Samuel.jpg
2023-05-11,11:14:50,SRM,66mrYL,web,,jose,cachorro,Interface: camera,Sistema escaneou o QR Code de Código 01,sol
2023-05-11,11:14:50,SRM,66mrYL,web,,jose,cachorro,Interface: Sistema,Votação para a estrofe 1,sol
2023-05-11,11:14:50,SRM,66mrYL,web,,jose,cachorro,Interface: folha desenho,Participante mostrou qr-code 01,SRM_2023_05_11_11h_14m_50s_66mrYL_jose.jpg
2023-05-11,11:14:50,SRM,91jxMC,srm,luva1,Samuel,gato,Interface: srm,luva1,80
2023-05-11,11:14:51,SRM,96nsGE,srm,luva2,Patrick,macaco,Interface: srm,luva2,66
2023-05-11,11:14:54,SRM,91jxMC,srm,luva1,Samuel,gato,Interface: srm,luva1,63
2023-05-11,11:14:55,SRM,96nsGE,srm,luva2,Patrick,macaco,Interface: srm,luva2,78
2023-05-11,11:14:56,SRM,66mrYL,web,,jose,cachorro,Interface: camera,Sistema escaneou o QR Code de Código 01,sol
2023-05-11,11:14:56,SRM,66mrYL,web,,jose,cachorro,Interface: Sistema,Votação para a estrofe 1,sol
2023-05-11,11:14:56,SRM,66mrYL,web,,jose,cachorro,Interface: folha desenho,Participante mostrou qr-code 01,SRM_2023_05_11_11h_14m_56s_66mrYL_jose.jpg
2023-05-11,11:14:58,SRM,91jxMC,srm,luva1,Samuel,gato,Interface: srm,luva1,77
2023-05-11,11:14:59,SRM,96nsGE,srm,luva2,Patrick,macaco,Interface: srm,luva2,75
2023-05-11,11:14:59,SRM,66mrYL,web,,jose,cachorro,Interface: camera,Sistema escaneou o QR Code de Código 01,sol
2023-05-11,11:14:59,SRM,66mrYL,web,,jose,cachorro,Interface: Sistema,Votação para a estrofe 1,sol
2023-05-11,11:14:59,SRM,66mrYL,web,,jose,cachorro,Interface: folha desenho,Participante mostrou qr-code 01,SRM_2023_05_11_11h_14m_59s_66mrYL_jose.jpg
2023-05-11,11:15:00,SRM,91jxMC,srm,luva1,Samuel,gato,Interface: camera,Sistema escaneou o QR Code de Código 83,raiva
2023-05-11,11:15:00,SRM,91jxMC,srm,luva1,Samuel,gato,Interface: Sistema,Sistema mostrou emoção e enviou para o Físico83,raiva
2023-05-11,11:15:00,SRM,91jxMC,srm,luva1,Samuel,gato,Interface: folha desenho,Participante mostrou qr-code 83,SRM_2023_05_11_11h_15m_00s_91jxMC_Samuel.jpg
2023-05-11,11:15:02,SRM,91jxMC,srm,luva1,Samuel,gato,Interface: srm,luva1,82
2023-05-11,11:15:04,SRM,38igWL,web,,Rafela e Augusto,urso,Interface: camera,Sistema escaneou o QR Code de Código 05,barco
2023-05-11,11:15:04,SRM,38igWL,web,,Rafela e Augusto,urso,Interface: Sistema,Estrofe 3 em andamento. Enviar avatar,barco
2023-05-11,11:15:04,SRM,38igWL,web,,Rafela e Augusto,urso,Interface: folha desenho,Participante mostrou qr-code 05,SRM_2023_05_11_11h_15m_04s_38igWL_Rafela e Augusto.jpg
2023-05-11,11:15:06,SRM,96nsGE,srm,luva2,Patrick,macaco,Interface: srm,luva2,63
2023-05-11,11:15:06,SRM,91jxMC,srm,luva1,Samuel,gato,Interface: srm,luva1,85
2023-05-11,11:15:07,SRM,38igWL,web,,Rafela e Augusto,urso,Interface: camera,Sistema escaneou o QR Code de Código 05,barco
2023-05-11,11:15:07,SRM,38igWL,web,,Rafela e Augusto,urso,Interface: Sistema,Votação para a estrofe 3,barco
2023-05-11,11:15:07,SRM,38igWL,web,,Rafela e Augusto,urso,Interface: folha desenho,Participante mostrou qr-code 05,SRM_2023_05_11_11h_15m_07s_38igWL_Rafela e Augusto.jpg
2023-05-11,11:15:07,SRM,66mrYL,web,,jose,cachorro,Interface: camera,Sistema escaneou o QR Code de Código 01,sol
2023-05-11,11:15:07,SRM,66mrYL,web,,jose,cachorro,Interface: Sistema,Votação para a estrofe 1,sol
2023-05-11,11:15:07,SRM,66mrYL,web,,jose,cachorro,Interface: folha desenho,Participante mostrou qr-code 01,SRM_2023_05_11_11h_15m_07s_66mrYL_jose.jpg
2023-05-11,11:15:07,SRM,14obZG,srm,luva1,Samuel,gato,Interface: socket.io,entrou na sala - Registrou participante no socket.io,
2023-05-11,11:15:10,SRM,96nsGE,srm,luva2,Patrick,macaco,Interface: srm,luva2,73
2023-05-11,11:15:11,SRM,91jxMC,srm,luva1,Samuel,gato,Interface: srm,luva1,76
2023-05-11,11:15:11,SRM,14obZG,srm,luva1,Samuel,gato,Interface: srm,luva1,76
2023-05-11,11:15:12,SRM,55rwXO,web,,p.jesus,panda,Interface: Sistema,Inicia estrofe 1,sol
2023-05-11,11:15:12,SRM,55rwXO,web,,p.jesus,panda,Interface: Sistema,Votação para a estrofe 1,sol
2023-05-11,11:15:12,SRM,55rwXO,web,,p.jesus,panda,Interface: Sistema,Votação para a estrofe 1,sol
2023-05-11,11:15:12,SRM,55rwXO,web,,p.jesus,panda,Interface: Sistema,Votação para a estrofe 1,sol
2023-05-11,11:15:12,SRM,55rwXO,web,,p.jesus,panda,Interface: Sistema,Votação para a estrofe 1,sol
2023-05-11,11:15:12,SRM,55rwXO,web,,p.jesus,panda,Interface: Sistema,Votação para a estrofe 1,sol
2023-05-11,11:15:12,SRM,55rwXO,web,,p.jesus,panda,Interface: Sistema,Votação para a estrofe 1,sol
2023-05-11,11:15:14,SRM,96nsGE,srm,luva2,Patrick,macaco,Interface: srm,luva2,73
2023-05-11,11:15:18,SRM,91jxMC,srm,luva1,Samuel,gato,Interface: srm,luva1,68
2023-05-11,11:15:18,SRM,14obZG,srm,luva1,Samuel,gato,Interface: srm,luva1,68
2023-05-11,11:15:18,SRM,96nsGE,srm,luva2,Patrick,macaco,Interface: srm,luva2,73
2023-05-11,11:15:20,SRM,91jxMC,srm,luva1,Samuel,gato,Interface: camera,Sistema escaneou o QR Code de Código 05,barco
2023-05-11,11:15:20,SRM,91jxMC,srm,luva1,Samuel,gato,Interface: Sistema,Votação para a estrofe 3,barco
2023-05-11,11:15:21,SRM,66mrYL,web,,jose,cachorro,Interface: camera,Sistema escaneou o QR Code de Código 06,aviao
2023-05-11,11:15:21,SRM,66mrYL,web,,jose,cachorro,Interface: Sistema,Votação para a estrofe 4,aviao
2023-05-11,11:15:21,SRM,66mrYL,web,,jose,cachorro,Interface: folha desenho,Participante mostrou qr-code 06,SRM_2023_05_11_11h_15m_21s_66mrYL_jose.jpg
2023-05-11,11:15:21,SRM,08tsLO,web,,joao pedro,lobo,Interface: camera,Sistema escaneou o QR Code de Código 02,castelo_qr
2023-05-11,11:15:21,SRM,08tsLO,web,,joao pedro,lobo,Interface: Sistema,Estrofe 1 em andamento. Enviar avatar,castelo_qr
2023-05-11,11:15:21,SRM,08tsLO,web,,joao pedro,lobo,Interface: folha desenho,Participante mostrou qr-code 02,SRM_2023_05_11_11h_15m_21s_08tsLO_joao pedro.jpg
2023-05-11,11:15:21,SRM,91jxMC,srm,luva1,Samuel,gato,Interface: folha desenho,Participante mostrou qr-code 05,SRM_2023_05_11_11h_15m_21s_91jxMC_Samuel.jpg
2023-05-11,11:15:22,SRM,91jxMC,srm,luva1,Samuel,gato,Interface: srm,luva1,79
2023-05-11,11:15:22,SRM,14obZG,srm,luva1,Samuel,gato,Interface: srm,luva1,79
2023-05-11,11:15:22,SRM,96nsGE,srm,luva2,Patrick,macaco,Interface: srm,luva2,74
2023-05-11,11:15:24,SRM,38igWL,web,,Rafela e Augusto,urso,Interface: camera,Sistema escaneou o QR Code de Código 01,sol
2023-05-11,11:15:24,SRM,38igWL,web,,Rafela e Augusto,urso,Interface: Sistema,Estrofe 1 em andamento. Enviar avatar,sol
2023-05-11,11:15:24,SRM,38igWL,web,,Rafela e Augusto,urso,Interface: folha desenho,Participante mostrou qr-code 01,SRM_2023_05_11_11h_15m_24s_38igWL_Rafela e Augusto.jpg
2023-05-11,11:15:26,SRM,91jxMC,srm,luva1,Samuel,gato,Interface: srm,luva1,74
2023-05-11,11:15:26,SRM,14obZG,srm,luva1,Samuel,gato,Interface: srm,luva1,74
2023-05-11,11:15:26,SRM,96nsGE,srm,luva2,Patrick,macaco,Interface: srm,luva2,65
2023-05-11,11:15:30,SRM,96nsGE,srm,luva2,Patrick,macaco,Interface: srm,luva2,67
2023-05-11,11:15:30,SRM,91jxMC,srm,luva1,Samuel,gato,Interface: srm,luva1,89
2023-05-11,11:15:30,SRM,14obZG,srm,luva1,Samuel,gato,Interface: srm,luva1,89
2023-05-11,11:15:31,SRM,66mrYL,web,,jose,cachorro,Interface: camera,Sistema escaneou o QR Code de Código 02,castelo_qr
2023-05-11,11:15:31,SRM,66mrYL,web,,jose,cachorro,Interface: folha desenho,Participante mostrou qr-code 02,SRM_2023_05_11_11h_15m_31s_66mrYL_jose.jpg
2023-05-11,11:15:34,SRM,96nsGE,srm,luva2,Patrick,macaco,Interface: srm,luva2,67
2023-05-11,11:15:34,SRM,91jxMC,srm,luva1,Samuel,gato,Interface: srm,luva1,89
2023-05-11,11:15:34,SRM,14obZG,srm,luva1,Samuel,gato,Interface: srm,luva1,89
2023-05-11,11:15:36,SRM,66mrYL,web,,jose,cachorro,Interface: camera,Sistema escaneou o QR Code de Código 02,castelo_qr
2023-05-11,11:15:36,SRM,66mrYL,web,,jose,cachorro,Interface: Sistema,Votação para a estrofe 1,castelo_qr
2023-05-11,11:15:36,SRM,66mrYL,web,,jose,cachorro,Interface: folha desenho,Participante mostrou qr-code 02,SRM_2023_05_11_11h_15m_36s_66mrYL_jose.jpg
2023-05-11,11:15:37,SRM,96nsGE,srm,luva2,Patrick,macaco,Interface: camera,Sistema escaneou o QR Code de Código 03,tinta
2023-05-11,11:15:37,SRM,96nsGE,srm,luva2,Patrick,macaco,Interface: Sistema,Votação para a estrofe 2,tinta
2023-05-11,11:15:37,SRM,96nsGE,srm,luva2,Patrick,macaco,Interface: folha desenho,Participante mostrou qr-code 03,SRM_2023_05_11_11h_15m_37s_96nsGE_Patrick.jpg
2023-05-11,11:15:38,SRM,96nsGE,srm,luva2,Patrick,macaco,Interface: srm,luva2,89
2023-05-11,11:15:39,SRM,66mrYL,web,,jose,cachorro,Interface: camera,Sistema escaneou o QR Code de Código 02,castelo_qr
2023-05-11,11:15:39,SRM,66mrYL,web,,jose,cachorro,Interface: Sistema,Votação para a estrofe 1,castelo_qr
2023-05-11,11:15:39,SRM,66mrYL,web,,jose,cachorro,Interface: folha desenho,Participante mostrou qr-code 02,SRM_2023_05_11_11h_15m_39s_66mrYL_jose.jpg
2023-05-11,11:15:40,SRM,91jxMC,srm,luva1,Samuel,gato,Interface: srm,luva1,70
2023-05-11,11:15:40,SRM,14obZG,srm,luva1,Samuel,gato,Interface: srm,luva1,70
2023-05-11,11:15:42,SRM,96nsGE,srm,luva2,Patrick,macaco,Interface: srm,luva2,96
2023-05-11,11:15:42,SRM,66mrYL,web,,jose,cachorro,Interface: camera,Sistema escaneou o QR Code de Código 02,castelo_qr
2023-05-11,11:15:42,SRM,66mrYL,web,,jose,cachorro,Interface: Sistema,Votação para a estrofe 1,castelo_qr
2023-05-11,11:15:42,SRM,66mrYL,web,,jose,cachorro,Interface: folha desenho,Participante mostrou qr-code 02,SRM_2023_05_11_11h_15m_42s_66mrYL_jose.jpg
2023-05-11,11:15:44,SRM,91jxMC,srm,luva1,Samuel,gato,Interface: srm,luva1,73
2023-05-11,11:15:44,SRM,14obZG,srm,luva1,Samuel,gato,Interface: srm,luva1,73
2023-05-11,11:15:45,SRM,66mrYL,web,,jose,cachorro,Interface: camera,Sistema escaneou o QR Code de Código 02,castelo_qr
2023-05-11,11:15:45,SRM,66mrYL,web,,jose,cachorro,Interface: Sistema,Votação para a estrofe 1,castelo_qr
2023-05-11,11:15:45,SRM,66mrYL,web,,jose,cachorro,Interface: folha desenho,Participante mostrou qr-code 02,SRM_2023_05_11_11h_15m_45s_66mrYL_jose.jpg
2023-05-11,11:15:46,SRM,96nsGE,srm,luva2,Patrick,macaco,Interface: srm,luva2,88
2023-05-11,11:15:48,SRM,91jxMC,srm,luva1,Samuel,gato,Interface: srm,luva1,68
2023-05-11,11:15:48,SRM,14obZG,srm,luva1,Samuel,gato,Interface: srm,luva1,68
2023-05-11,11:15:50,SRM,96nsGE,srm,luva2,Patrick,macaco,Interface: srm,luva2,85
2023-05-11,11:15:52,SRM,38igWL,web,,Rafela e Augusto,urso,Interface: socket.io,saiu da sala ou perdeu conexao,
2023-05-11,11:15:52,SRM,91jxMC,srm,luva1,Samuel,gato,Interface: srm,luva1,88
2023-05-11,11:15:52,SRM,14obZG,srm,luva1,Samuel,gato,Interface: srm,luva1,88
2023-05-11,11:15:56,SRM,91jxMC,srm,luva1,Samuel,gato,Interface: srm,luva1,86
2023-05-11,11:15:56,SRM,14obZG,srm,luva1,Samuel,gato,Interface: srm,luva1,86
2023-05-11,11:16:00,SRM,96nsGE,srm,luva2,Patrick,macaco,Interface: camera,Sistema escaneou o QR Code de Código 03,tinta
2023-05-11,11:16:00,SRM,96nsGE,srm,luva2,Patrick,macaco,Interface: Sistema,Inicia estrofe 2,tinta
2023-05-11,11:16:00,SRM,91jxMC,srm,luva1,Samuel,gato,Interface: srm,luva1,72
2023-05-11,11:16:00,SRM,14obZG,srm,luva1,Samuel,gato,Interface: srm,luva1,72
2023-05-11,11:16:00,SRM,96nsGE,srm,luva2,Patrick,macaco,Interface: folha desenho,Participante mostrou qr-code 03,SRM_2023_05_11_11h_16m_00s_96nsGE_Patrick.jpg
2023-05-11,11:16:04,SRM,91jxMC,srm,luva1,Samuel,gato,Interface: srm,luva1,77
2023-05-11,11:16:04,SRM,14obZG,srm,luva1,Samuel,gato,Interface: srm,luva1,77
2023-05-11,11:16:08,SRM,91jxMC,srm,luva1,Samuel,gato,Interface: srm,luva1,96
2023-05-11,11:16:08,SRM,14obZG,srm,luva1,Samuel,gato,Interface: srm,luva1,96
2023-05-11,11:16:09,SRM,91jxMC,srm,luva1,Samuel,gato,Interface: camera,Sistema escaneou o QR Code de Código 04,passaro
2023-05-11,11:16:09,SRM,91jxMC,srm,luva1,Samuel,gato,Interface: Sistema,Estrofe 2 em andamento. Enviar avatar,passaro
2023-05-11,11:16:10,SRM,91jxMC,srm,luva1,Samuel,gato,Interface: folha desenho,Participante mostrou qr-code 04,SRM_2023_05_11_11h_16m_10s_91jxMC_Samuel.jpg
2023-05-11,11:16:10,SRM,66mrYL,web,,jose,cachorro,Interface: camera,Sistema escaneou o QR Code de Código 02,castelo_qr
2023-05-11,11:16:10,SRM,66mrYL,web,,jose,cachorro,Interface: Sistema,Votação para a estrofe 1,castelo_qr
2023-05-11,11:16:10,SRM,66mrYL,web,,jose,cachorro,Interface: folha desenho,Participante mostrou qr-code 02,SRM_2023_05_11_11h_16m_10s_66mrYL_jose.jpg
2023-05-11,11:16:12,SRM,91jxMC,srm,luva1,Samuel,gato,Interface: srm,luva1,78
2023-05-11,11:16:12,SRM,14obZG,srm,luva1,Samuel,gato,Interface: srm,luva1,78
2023-05-11,11:16:16,SRM,91jxMC,srm,luva1,Samuel,gato,Interface: srm,luva1,98
2023-05-11,11:16:16,SRM,14obZG,srm,luva1,Samuel,gato,Interface: srm,luva1,98
2023-05-11,11:16:18,SRM,96nsGE,srm,luva2,Patrick,macaco,Interface: srm,luva2,61
2023-05-11,11:16:20,SRM,91jxMC,srm,luva1,Samuel,gato,Interface: srm,luva1,84
2023-05-11,11:16:20,SRM,14obZG,srm,luva1,Samuel,gato,Interface: srm,luva1,84
2023-05-11,11:16:22,SRM,96nsGE,srm,luva2,Patrick,macaco,Interface: srm,luva2,68
2023-05-11,11:16:24,SRM,91jxMC,srm,luva1,Samuel,gato,Interface: srm,luva1,84
2023-05-11,11:16:24,SRM,14obZG,srm,luva1,Samuel,gato,Interface: srm,luva1,84
2023-05-11,11:16:24,SRM,96nsGE,srm,luva2,Patrick,macaco,Interface: camera,Sistema escaneou o QR Code de Código 06,aviao
2023-05-11,11:16:24,SRM,96nsGE,srm,luva2,Patrick,macaco,Interface: Sistema,Votação para a estrofe 4,aviao
2023-05-11,11:16:25,SRM,96nsGE,srm,luva2,Patrick,macaco,Interface: folha desenho,Participante mostrou qr-code 06,SRM_2023_05_11_11h_16m_25s_96nsGE_Patrick.jpg
2023-05-11,11:16:26,SRM,66mrYL,web,,jose,cachorro,Interface: folha desenho,Participante jose tirou uma foto,SRM_2023_05_11_11h_16m_26s_66mrYL_jose.jpg
2023-05-11,11:16:28,SRM,91jxMC,srm,luva1,Samuel,gato,Interface: srm,luva1,75
2023-05-11,11:16:28,SRM,14obZG,srm,luva1,Samuel,gato,Interface: srm,luva1,75
2023-05-11,11:16:30,SRM,96nsGE,srm,luva2,Patrick,macaco,Interface: srm,luva2,74
2023-05-11,11:16:30,SRM,08tsLO,web,,joao pedro,lobo,Interface: folha desenho,Participante joao pedro tirou uma foto,SRM_2023_05_11_11h_16m_30s_08tsLO_joao pedro.jpg
2023-05-11,11:16:32,SRM,91jxMC,srm,luva1,Samuel,gato,Interface: srm,luva1,96
2023-05-11,11:16:32,SRM,14obZG,srm,luva1,Samuel,gato,Interface: srm,luva1,96
2023-05-11,11:16:34,SRM,96nsGE,srm,luva2,Patrick,macaco,Interface: srm,luva2,75
2023-05-11,11:16:36,SRM,91jxMC,srm,luva1,Samuel,gato,Interface: Sistema,Inicia estrofe 2,tinta
2023-05-11,11:16:36,SRM,91jxMC,srm,luva1,Samuel,gato,Interface: Sistema,Estrofe 2 em andamento. Enviar avatar,tinta
2023-05-11,11:16:36,SRM,91jxMC,srm,luva1,Samuel,gato,Interface: Sistema,Votação para a estrofe 2,tinta
2023-05-11,11:16:36,SRM,91jxMC,srm,luva1,Samuel,gato,Interface: Sistema,Votação para a estrofe 2,tinta
2023-05-11,11:16:36,SRM,91jxMC,srm,luva1,Samuel,gato,Interface: srm,luva1,75
2023-05-11,11:16:36,SRM,14obZG,srm,luva1,Samuel,gato,Interface: srm,luva1,75
2023-05-11,11:16:37,SRM,08tsLO,web,,joao pedro,lobo,Interface: folha desenho,Participante joao pedro tirou uma foto,SRM_2023_05_11_11h_16m_37s_08tsLO_joao pedro.jpg
2023-05-11,11:16:38,SRM,96nsGE,srm,luva2,Patrick,macaco,Interface: srm,luva2,72
2023-05-11,11:16:40,SRM,91jxMC,srm,luva1,Samuel,gato,Interface: srm,luva1,72
2023-05-11,11:16:40,SRM,14obZG,srm,luva1,Samuel,gato,Interface: srm,luva1,72
2023-05-11,11:16:41,SRM,91jxMC,srm,luva1,Samuel,gato,Interface: camera,Sistema escaneou o QR Code de Código 02,castelo_qr
2023-05-11,11:16:41,SRM,91jxMC,srm,luva1,Samuel,gato,Interface: Sistema,Votação para a estrofe 1,castelo_qr
2023-05-11,11:16:41,SRM,91jxMC,srm,luva1,Samuel,gato,Interface: folha desenho,Participante mostrou qr-code 02,SRM_2023_05_11_11h_16m_41s_91jxMC_Samuel.jpg
2023-05-11,11:16:42,SRM,38igWL,web,,Rafela e Augusto,urso,Interface: camera,Sistema escaneou o QR Code de Código 01,sol
2023-05-11,11:16:42,SRM,38igWL,web,,Rafela e Augusto,urso,Interface: Sistema,Votação para a estrofe 1,sol
2023-05-11,11:16:42,SRM,38igWL,web,,Rafela e Augusto,urso,Interface: folha desenho,Participante mostrou qr-code 01,SRM_2023_05_11_11h_16m_42s_38igWL_Rafela e Augusto.jpg
2023-05-11,11:16:42,SRM,38igWL,web,,Rafela e Augusto,urso,Interface: camera,Sistema escaneou o QR Code de Código 02,castelo_qr
2023-05-11,11:16:42,SRM,38igWL,web,,Rafela e Augusto,urso,Interface: Sistema,Votação para a estrofe 1,castelo_qr
2023-05-11,11:16:42,SRM,38igWL,web,,Rafela e Augusto,urso,Interface: folha desenho,Participante mostrou qr-code 02,SRM_2023_05_11_11h_16m_42s_38igWL_Rafela e Augusto.jpg
2023-05-11,11:16:42,SRM,38igWL,web,,Rafela e Augusto,urso,Interface: socket.io,entrou na sala - Registrou participante no socket.io,
2023-05-11,11:16:42,SRM,96nsGE,srm,luva2,Patrick,macaco,Interface: srm,luva2,73
2023-05-11,11:16:44,SRM,91jxMC,srm,luva1,Samuel,gato,Interface: srm,luva1,84
2023-05-11,11:16:44,SRM,14obZG,srm,luva1,Samuel,gato,Interface: srm,luva1,84
2023-05-11,11:16:48,SRM,08tsLO,web,,joao pedro,lobo,Interface: folha desenho,Participante joao pedro tirou uma foto,SRM_2023_05_11_11h_16m_48s_08tsLO_joao pedro.jpg
2023-05-11,11:16:48,SRM,91jxMC,srm,luva1,Samuel,gato,Interface: srm,luva1,73
2023-05-11,11:16:48,SRM,14obZG,srm,luva1,Samuel,gato,Interface: srm,luva1,73
2023-05-11,11:16:51,SRM,91jxMC,srm,luva1,Samuel,gato,Interface: camera,Sistema escaneou o QR Code de Código 02,castelo_qr
2023-05-11,11:16:51,SRM,91jxMC,srm,luva1,Samuel,gato,Interface: Sistema,Votação para a estrofe 1,castelo_qr
2023-05-11,11:16:51,SRM,91jxMC,srm,luva1,Samuel,gato,Interface: folha desenho,Participante mostrou qr-code 02,SRM_2023_05_11_11h_16m_51s_91jxMC_Samuel.jpg
2023-05-11,11:16:52,SRM,08tsLO,web,,joao pedro,lobo,Interface: folha desenho,Participante joao pedro tirou uma foto,SRM_2023_05_11_11h_16m_52s_08tsLO_joao pedro.jpg
2023-05-11,11:16:52,SRM,91jxMC,srm,luva1,Samuel,gato,Interface: srm,luva1,84
2023-05-11,11:16:52,SRM,14obZG,srm,luva1,Samuel,gato,Interface: srm,luva1,84
2023-05-11,11:16:54,SRM,91jxMC,srm,luva1,Samuel,gato,Interface: camera,Sistema escaneou o QR Code de Código 02,castelo_qr
2023-05-11,11:16:54,SRM,91jxMC,srm,luva1,Samuel,gato,Interface: Sistema,Votação para a estrofe 1,castelo_qr
2023-05-11,11:16:54,SRM,91jxMC,srm,luva1,Samuel,gato,Interface: folha desenho,Participante mostrou qr-code 02,SRM_2023_05_11_11h_16m_54s_91jxMC_Samuel.jpg
2023-05-11,11:16:56,SRM,08tsLO,web,,joao pedro,lobo,Interface: folha desenho,Participante joao pedro tirou uma foto,SRM_2023_05_11_11h_16m_56s_08tsLO_joao pedro.jpg
2023-05-11,11:16:56,SRM,91jxMC,srm,luva1,Samuel,gato,Interface: srm,luva1,84
2023-05-11,11:16:56,SRM,14obZG,srm,luva1,Samuel,gato,Interface: srm,luva1,84
2023-05-11,11:17:00,SRM,08tsLO,web,,joao pedro,lobo,Interface: folha desenho,Participante joao pedro tirou uma foto,SRM_2023_05_11_11h_17m_00s_08tsLO_joao pedro.jpg
2023-05-11,11:17:01,SRM,91jxMC,srm,luva1,Samuel,gato,Interface: camera,Sistema escaneou o QR Code de Código 03,tinta
2023-05-11,11:17:01,SRM,91jxMC,srm,luva1,Samuel,gato,Interface: Sistema,Votação para a estrofe 2,tinta
2023-05-11,11:17:01,SRM,91jxMC,srm,luva1,Samuel,gato,Interface: srm,luva1,88
2023-05-11,11:17:01,SRM,14obZG,srm,luva1,Samuel,gato,Interface: srm,luva1,88
2023-05-11,11:17:01,SRM,91jxMC,srm,luva1,Samuel,gato,Interface: folha desenho,Participante mostrou qr-code 03,SRM_2023_05_11_11h_17m_01s_91jxMC_Samuel.jpg
2023-05-11,11:17:03,SRM,08tsLO,web,,joao pedro,lobo,Interface: folha desenho,Participante joao pedro tirou uma foto,SRM_2023_05_11_11h_17m_03s_08tsLO_joao pedro.jpg
2023-05-11,11:17:05,SRM,91jxMC,srm,luva1,Samuel,gato,Interface: srm,luva1,92
2023-05-11,11:17:05,SRM,14obZG,srm,luva1,Samuel,gato,Interface: srm,luva1,92
2023-05-11,11:17:07,SRM,66mrYL,web,,jose,cachorro,Interface: camera,Sistema escaneou o QR Code de Código 02,castelo_qr
2023-05-11,11:17:07,SRM,66mrYL,web,,jose,cachorro,Interface: Sistema,Votação para a estrofe 1,castelo_qr
2023-05-11,11:17:07,SRM,66mrYL,web,,jose,cachorro,Interface: folha desenho,Participante mostrou qr-code 02,SRM_2023_05_11_11h_17m_07s_66mrYL_jose.jpg
2023-05-11,11:17:07,SRM,08tsLO,web,,joao pedro,lobo,Interface: folha desenho,Participante joao pedro tirou uma foto,SRM_2023_05_11_11h_17m_07s_08tsLO_joao pedro.jpg
2023-05-11,11:17:07,SRM,14obZG,srm,luva1,Samuel,gato,Interface: Sistema,Inicia estrofe 1,castelo_qr
2023-05-11,11:17:07,SRM,14obZG,srm,luva1,Samuel,gato,Interface: Sistema,Estrofe 1 em andamento. Enviar avatar,castelo_qr
2023-05-11,11:17:07,SRM,14obZG,srm,luva1,Samuel,gato,Interface: Sistema,Estrofe 1 em andamento. Enviar avatar,sol
2023-05-11,11:17:07,SRM,14obZG,srm,luva1,Samuel,gato,Interface: Sistema,Votação para a estrofe 1,castelo_qr
2023-05-11,11:17:07,SRM,14obZG,srm,luva1,Samuel,gato,Interface: Sistema,Votação para a estrofe 1,castelo_qr
2023-05-11,11:17:07,SRM,14obZG,srm,luva1,Samuel,gato,Interface: Sistema,Votação para a estrofe 1,castelo_qr
2023-05-11,11:17:07,SRM,38igWL,web,,Rafela e Augusto,urso,Interface: camera,Sistema escaneou o QR Code de Código 02,castelo_qr
2023-05-11,11:17:07,SRM,38igWL,web,,Rafela e Augusto,urso,Interface: Sistema,Votação para a estrofe 1,castelo_qr
2023-05-11,11:17:07,SRM,38igWL,web,,Rafela e Augusto,urso,Interface: folha desenho,Participante mostrou qr-code 02,SRM_2023_05_11_11h_17m_07s_38igWL_Rafela e Augusto.jpg
2023-05-11,11:17:09,SRM,91jxMC,srm,luva1,Samuel,gato,Interface: srm,luva1,88
2023-05-11,11:17:09,SRM,14obZG,srm,luva1,Samuel,gato,Interface: srm,luva1,88
2023-05-11,11:17:12,SRM,08tsLO,web,,joao pedro,lobo,Interface: folha desenho,Participante joao pedro tirou uma foto,SRM_2023_05_11_11h_17m_12s_08tsLO_joao pedro.jpg
2023-05-11,11:17:13,SRM,91jxMC,srm,luva1,Samuel,gato,Interface: srm,luva1,81
2023-05-11,11:17:13,SRM,14obZG,srm,luva1,Samuel,gato,Interface: srm,luva1,81
2023-05-11,11:17:17,SRM,91jxMC,srm,luva1,Samuel,gato,Interface: srm,luva1,76
2023-05-11,11:17:17,SRM,14obZG,srm,luva1,Samuel,gato,Interface: srm,luva1,76
2023-05-11,11:17:17,SRM,08tsLO,web,,joao pedro,lobo,Interface: folha desenho,Participante joao pedro tirou uma foto,SRM_2023_05_11_11h_17m_17s_08tsLO_joao pedro.jpg
2023-05-11,11:17:19,SRM,38igWL,web,,Rafela e Augusto,urso,Interface: folha desenho,Participante Rafela e Augusto tirou uma foto,SRM_2023_05_11_11h_17m_19s_38igWL_Rafela e Augusto.jpg
2023-05-11,11:17:21,SRM,91jxMC,srm,luva1,Samuel,gato,Interface: srm,luva1,81
2023-05-11,11:17:21,SRM,14obZG,srm,luva1,Samuel,gato,Interface: srm,luva1,81
2023-05-11,11:17:22,SRM,96nsGE,srm,luva2,Patrick,macaco,Interface: camera,Sistema escaneou o QR Code de Código 05,barco
2023-05-11,11:17:22,SRM,96nsGE,srm,luva2,Patrick,macaco,Interface: Sistema,Votação para a estrofe 3,barco
2023-05-11,11:17:22,SRM,96nsGE,srm,luva2,Patrick,macaco,Interface: folha desenho,Participante mostrou qr-code 05,SRM_2023_05_11_11h_17m_22s_96nsGE_Patrick.jpg
2023-05-11,11:17:25,SRM,08tsLO,web,,joao pedro,lobo,Interface: folha desenho,Participante joao pedro tirou uma foto,SRM_2023_05_11_11h_17m_25s_08tsLO_joao pedro.jpg
2023-05-11,11:17:25,SRM,91jxMC,srm,luva1,Samuel,gato,Interface: srm,luva1,67
2023-05-11,11:17:25,SRM,14obZG,srm,luva1,Samuel,gato,Interface: srm,luva1,67
2023-05-11,11:17:25,SRM,96nsGE,srm,luva2,Patrick,macaco,Interface: camera,Sistema escaneou o QR Code de Código 05,barco
2023-05-11,11:17:25,SRM,96nsGE,srm,luva2,Patrick,macaco,Interface: Sistema,Votação para a estrofe 3,barco
2023-05-11,11:17:25,SRM,96nsGE,srm,luva2,Patrick,macaco,Interface: folha desenho,Participante mostrou qr-code 05,SRM_2023_05_11_11h_17m_25s_96nsGE_Patrick.jpg
2023-05-11,11:17:28,SRM,91jxMC,srm,luva1,Samuel,gato,Interface: camera,Sistema escaneou o QR Code de Código 03,tinta
2023-05-11,11:17:28,SRM,91jxMC,srm,luva1,Samuel,gato,Interface: Sistema,Votação para a estrofe 2,tinta
2023-05-11,11:17:28,SRM,91jxMC,srm,luva1,Samuel,gato,Interface: folha desenho,Participante mostrou qr-code 03,SRM_2023_05_11_11h_17m_28s_91jxMC_Samuel.jpg
2023-05-11,11:17:29,SRM,91jxMC,srm,luva1,Samuel,gato,Interface: srm,luva1,84
2023-05-11,11:17:29,SRM,14obZG,srm,luva1,Samuel,gato,Interface: srm,luva1,84
2023-05-11,11:17:29,SRM,96nsGE,srm,luva2,Patrick,macaco,Interface: srm,luva2,75
2023-05-11,11:17:30,SRM,08tsLO,web,,joao pedro,lobo,Interface: folha desenho,Participante joao pedro tirou uma foto,SRM_2023_05_11_11h_17m_30s_08tsLO_joao pedro.jpg
2023-05-11,11:17:31,SRM,91jxMC,srm,luva1,Samuel,gato,Interface: camera,Sistema escaneou o QR Code de Código 03,tinta
2023-05-11,11:17:31,SRM,91jxMC,srm,luva1,Samuel,gato,Interface: Sistema,Votação para a estrofe 2,tinta
2023-05-11,11:17:31,SRM,91jxMC,srm,luva1,Samuel,gato,Interface: folha desenho,Participante mostrou qr-code 03,SRM_2023_05_11_11h_17m_31s_91jxMC_Samuel.jpg
2023-05-11,11:17:31,SRM,66mrYL,web,,jose,cachorro,Interface: camera,Sistema escaneou o QR Code de Código 01,sol
2023-05-11,11:17:31,SRM,66mrYL,web,,jose,cachorro,Interface: folha desenho,Participante mostrou qr-code 01,SRM_2023_05_11_11h_17m_31s_66mrYL_jose.jpg
2023-05-11,11:17:33,SRM,91jxMC,srm,luva1,Samuel,gato,Interface: srm,luva1,84
2023-05-11,11:17:33,SRM,14obZG,srm,luva1,Samuel,gato,Interface: srm,luva1,84
2023-05-11,11:17:33,SRM,96nsGE,srm,luva2,Patrick,macaco,Interface: srm,luva2,67
2023-05-11,11:17:33,SRM,08tsLO,web,,joao pedro,lobo,Interface: folha desenho,Participante joao pedro tirou uma foto,SRM_2023_05_11_11h_17m_33s_08tsLO_joao pedro.jpg
2023-05-11,11:17:34,SRM,91jxMC,srm,luva1,Samuel,gato,Interface: camera,Sistema escaneou o QR Code de Código 03,tinta
2023-05-11,11:17:34,SRM,91jxMC,srm,luva1,Samuel,gato,Interface: Sistema,Votação para a estrofe 2,tinta
2023-05-11,11:17:34,SRM,91jxMC,srm,luva1,Samuel,gato,Interface: folha desenho,Participante mostrou qr-code 03,SRM_2023_05_11_11h_17m_34s_91jxMC_Samuel.jpg
2023-05-11,11:17:37,SRM,14obZG,srm,luva1,Samuel,gato,Interface: Sistema,Inicia estrofe 3,barco
2023-05-11,11:17:37,SRM,14obZG,srm,luva1,Samuel,gato,Interface: Sistema,Estrofe 3 em andamento. Enviar avatar,barco
2023-05-11,11:17:37,SRM,14obZG,srm,luva1,Samuel,gato,Interface: Sistema,Votação para a estrofe 3,barco
2023-05-11,11:17:41,SRM,91jxMC,srm,luva1,Samuel,gato,Interface: srm,luva1,64
2023-05-11,11:17:41,SRM,14obZG,srm,luva1,Samuel,gato,Interface: srm,luva1,64
2023-05-11,11:17:45,SRM,91jxMC,srm,luva1,Samuel,gato,Interface: srm,luva1,84
2023-05-11,11:17:45,SRM,14obZG,srm,luva1,Samuel,gato,Interface: srm,luva1,84
2023-05-11,11:17:45,SRM,96nsGE,srm,luva2,Patrick,macaco,Interface: srm,luva2,63
2023-05-11,11:17:46,SRM,66mrYL,web,,jose,cachorro,Interface: camera,Sistema escaneou o QR Code de Código 05,barco
2023-05-11,11:17:46,SRM,66mrYL,web,,jose,cachorro,Interface: Sistema,Estrofe 3 em andamento. Enviar avatar,barco
2023-05-11,11:17:46,SRM,66mrYL,web,,jose,cachorro,Interface: folha desenho,Participante mostrou qr-code 05,SRM_2023_05_11_11h_17m_46s_66mrYL_jose.jpg
2023-05-11,11:17:49,SRM,91jxMC,srm,luva1,Samuel,gato,Interface: srm,luva1,77
2023-05-11,11:17:49,SRM,14obZG,srm,luva1,Samuel,gato,Interface: srm,luva1,77
2023-05-11,11:17:49,SRM,91jxMC,srm,luva1,Samuel,gato,Interface: camera,Sistema escaneou o QR Code de Código 85,entediado
2023-05-11,11:17:49,SRM,91jxMC,srm,luva1,Samuel,gato,Interface: Sistema,Sistema mostrou emoção e enviou para o Físico85,entediado
2023-05-11,11:17:49,SRM,96nsGE,srm,luva2,Patrick,macaco,Interface: srm,luva2,68
2023-05-11,11:17:49,SRM,91jxMC,srm,luva1,Samuel,gato,Interface: folha desenho,Participante mostrou qr-code 85,SRM_2023_05_11_11h_17m_49s_91jxMC_Samuel.jpg
2023-05-11,11:17:52,SRM,91jxMC,srm,luva1,Samuel,gato,Interface: camera,Sistema escaneou o QR Code de Código 85,entediado
2023-05-11,11:17:52,SRM,91jxMC,srm,luva1,Samuel,gato,Interface: Sistema,Sistema mostrou emoção e enviou para o Físico85,entediado
2023-05-11,11:17:52,SRM,91jxMC,srm,luva1,Samuel,gato,Interface: folha desenho,Participante mostrou qr-code 85,SRM_2023_05_11_11h_17m_52s_91jxMC_Samuel.jpg
2023-05-11,11:17:53,SRM,91jxMC,srm,luva1,Samuel,gato,Interface: srm,luva1,80
2023-05-11,11:17:53,SRM,14obZG,srm,luva1,Samuel,gato,Interface: srm,luva1,80
2023-05-11,11:17:53,SRM,96nsGE,srm,luva2,Patrick,macaco,Interface: srm,luva2,80
2023-05-11,11:17:55,SRM,91jxMC,srm,luva1,Samuel,gato,Interface: camera,Sistema escaneou o QR Code de Código 85,entediado
2023-05-11,11:17:55,SRM,91jxMC,srm,luva1,Samuel,gato,Interface: Sistema,Sistema mostrou emoção e enviou para o Físico85,entediado
2023-05-11,11:17:55,SRM,91jxMC,srm,luva1,Samuel,gato,Interface: folha desenho,Participante mostrou qr-code 85,SRM_2023_05_11_11h_17m_55s_91jxMC_Samuel.jpg
2023-05-11,11:17:57,SRM,91jxMC,srm,luva1,Samuel,gato,Interface: srm,luva1,80
2023-05-11,11:17:57,SRM,14obZG,srm,luva1,Samuel,gato,Interface: srm,luva1,80
2023-05-11,11:17:57,SRM,08tsLO,web,,joao pedro,lobo,Interface: camera,Sistema escaneou o QR Code de Código 05,barco
2023-05-11,11:17:57,SRM,08tsLO,web,,joao pedro,lobo,Interface: Sistema,Estrofe 3 em andamento. Enviar avatar,barco
2023-05-11,11:17:57,SRM,08tsLO,web,,joao pedro,lobo,Interface: folha desenho,Participante mostrou qr-code 05,SRM_2023_05_11_11h_17m_57s_08tsLO_joao pedro.jpg
2023-05-11,11:17:57,SRM,96nsGE,srm,luva2,Patrick,macaco,Interface: srm,luva2,65
2023-05-11,11:17:58,SRM,91jxMC,srm,luva1,Samuel,gato,Interface: camera,Sistema escaneou o QR Code de Código 85,entediado
2023-05-11,11:17:58,SRM,91jxMC,srm,luva1,Samuel,gato,Interface: Sistema,Sistema mostrou emoção e enviou para o Físico85,entediado
2023-05-11,11:17:58,SRM,91jxMC,srm,luva1,Samuel,gato,Interface: folha desenho,Participante mostrou qr-code 85,SRM_2023_05_11_11h_17m_58s_91jxMC_Samuel.jpg
2023-05-11,11:18:01,SRM,91jxMC,srm,luva1,Samuel,gato,Interface: srm,luva1,79
2023-05-11,11:18:01,SRM,14obZG,srm,luva1,Samuel,gato,Interface: srm,luva1,79
2023-05-11,11:18:01,SRM,91jxMC,srm,luva1,Samuel,gato,Interface: camera,Sistema escaneou o QR Code de Código 85,entediado
2023-05-11,11:18:01,SRM,91jxMC,srm,luva1,Samuel,gato,Interface: Sistema,Sistema mostrou emoção e enviou para o Físico85,entediado
2023-05-11,11:18:01,SRM,91jxMC,srm,luva1,Samuel,gato,Interface: folha desenho,Participante mostrou qr-code 85,SRM_2023_05_11_11h_18m_01s_91jxMC_Samuel.jpg
2023-05-11,11:18:04,SRM,91jxMC,srm,luva1,Samuel,gato,Interface: camera,Sistema escaneou o QR Code de Código 85,entediado
2023-05-11,11:18:04,SRM,91jxMC,srm,luva1,Samuel,gato,Interface: Sistema,Sistema mostrou emoção e enviou para o Físico85,entediado
2023-05-11,11:18:04,SRM,91jxMC,srm,luva1,Samuel,gato,Interface: folha desenho,Participante mostrou qr-code 85,SRM_2023_05_11_11h_18m_04s_91jxMC_Samuel.jpg
2023-05-11,11:18:05,SRM,91jxMC,srm,luva1,Samuel,gato,Interface: srm,luva1,77
2023-05-11,11:18:05,SRM,14obZG,srm,luva1,Samuel,gato,Interface: srm,luva1,77
2023-05-11,11:18:07,SRM,91jxMC,srm,luva1,Samuel,gato,Interface: camera,Sistema escaneou o QR Code de Código 85,entediado
2023-05-11,11:18:07,SRM,91jxMC,srm,luva1,Samuel,gato,Interface: Sistema,Sistema mostrou emoção e enviou para o Físico85,entediado
2023-05-11,11:18:08,SRM,91jxMC,srm,luva1,Samuel,gato,Interface: folha desenho,Participante mostrou qr-code 85,SRM_2023_05_11_11h_18m_08s_91jxMC_Samuel.jpg
2023-05-11,11:18:09,SRM,91jxMC,srm,luva1,Samuel,gato,Interface: srm,luva1,86
2023-05-11,11:18:09,SRM,14obZG,srm,luva1,Samuel,gato,Interface: srm,luva1,86
2023-05-11,11:18:11,SRM,96nsGE,srm,luva2,Patrick,macaco,Interface: camera,Sistema escaneou o QR Code de Código 02,castelo_qr
2023-05-11,11:18:11,SRM,96nsGE,srm,luva2,Patrick,macaco,Interface: Sistema,Votação para a estrofe 1,castelo_qr
2023-05-11,11:18:11,SRM,96nsGE,srm,luva2,Patrick,macaco,Interface: folha desenho,Participante mostrou qr-code 02,SRM_2023_05_11_11h_18m_11s_96nsGE_Patrick.jpg
2023-05-11,11:18:12,SRM,14obZG,srm,luva1,Samuel,gato,Interface: Sistema,Inicia estrofe 2,tinta
2023-05-11,11:18:12,SRM,14obZG,srm,luva1,Samuel,gato,Interface: Sistema,Votação para a estrofe 2,tinta
2023-05-11,11:18:12,SRM,14obZG,srm,luva1,Samuel,gato,Interface: Sistema,Votação para a estrofe 2,tinta
2023-05-11,11:18:16,SRM,38igWL,web,,Rafela e Augusto,urso,Interface: camera,Sistema escaneou o QR Code de Código 82,feliz
2023-05-11,11:18:16,SRM,38igWL,web,,Rafela e Augusto,urso,Interface: Sistema,Sistema mostrou emoção e enviou para o Físico82,feliz
2023-05-11,11:18:16,SRM,38igWL,web,,Rafela e Augusto,urso,Interface: folha desenho,Participante mostrou qr-code 82,SRM_2023_05_11_11h_18m_16s_38igWL_Rafela e Augusto.jpg
2023-05-11,11:18:17,SRM,91jxMC,srm,luva1,Samuel,gato,Interface: srm,luva1,73
2023-05-11,11:18:17,SRM,14obZG,srm,luva1,Samuel,gato,Interface: srm,luva1,73
2023-05-11,11:18:21,SRM,91jxMC,srm,luva1,Samuel,gato,Interface: srm,luva1,108
2023-05-11,11:18:21,SRM,14obZG,srm,luva1,Samuel,gato,Interface: srm,luva1,108
2023-05-11,11:18:25,SRM,91jxMC,srm,luva1,Samuel,gato,Interface: srm,luva1,113
2023-05-11,11:18:25,SRM,14obZG,srm,luva1,Samuel,gato,Interface: srm,luva1,113
2023-05-11,11:18:27,SRM,38igWL,web,,Rafela e Augusto,urso,Interface: camera,Sistema escaneou o QR Code de Código 82,feliz
2023-05-11,11:18:27,SRM,38igWL,web,,Rafela e Augusto,urso,Interface: Sistema,Sistema mostrou emoção e enviou para o Físico82,feliz
2023-05-11,11:18:27,SRM,38igWL,web,,Rafela e Augusto,urso,Interface: folha desenho,Participante mostrou qr-code 82,SRM_2023_05_11_11h_18m_27s_38igWL_Rafela e Augusto.jpg
2023-05-11,11:18:28,SRM,96nsGE,srm,luva2,Patrick,macaco,Interface: camera,Sistema escaneou o QR Code de Código 06,aviao
2023-05-11,11:18:28,SRM,96nsGE,srm,luva2,Patrick,macaco,Interface: Sistema,Votação para a estrofe 4,aviao
2023-05-11,11:18:28,SRM,96nsGE,srm,luva2,Patrick,macaco,Interface: folha desenho,Participante mostrou qr-code 06,SRM_2023_05_11_11h_18m_28s_96nsGE_Patrick.jpg
2023-05-11,11:18:29,SRM,91jxMC,srm,luva1,Samuel,gato,Interface: srm,luva1,94
2023-05-11,11:18:29,SRM,14obZG,srm,luva1,Samuel,gato,Interface: srm,luva1,94
2023-05-11,11:18:33,SRM,91jxMC,srm,luva1,Samuel,gato,Interface: srm,luva1,84
2023-05-11,11:18:33,SRM,14obZG,srm,luva1,Samuel,gato,Interface: srm,luva1,84
2023-05-11,11:18:33,SRM,38igWL,web,,Rafela e Augusto,urso,Interface: camera,Sistema escaneou o QR Code de Código 82,feliz
2023-05-11,11:18:33,SRM,38igWL,web,,Rafela e Augusto,urso,Interface: Sistema,Sistema mostrou emoção e enviou para o Físico82,feliz
2023-05-11,11:18:33,SRM,38igWL,web,,Rafela e Augusto,urso,Interface: folha desenho,Participante mostrou qr-code 82,SRM_2023_05_11_11h_18m_33s_38igWL_Rafela e Augusto.jpg
2023-05-11,11:18:37,SRM,96nsGE,srm,luva2,Patrick,macaco,Interface: srm,luva2,68
2023-05-11,11:18:37,SRM,91jxMC,srm,luva1,Samuel,gato,Interface: srm,luva1,81
2023-05-11,11:18:37,SRM,14obZG,srm,luva1,Samuel,gato,Interface: srm,luva1,81
2023-05-11,11:18:38,SRM,55rwXO,web,,p.jesus,panda,Interface: login,Retornou a primeira página para alterar nome ou avatar,
2023-05-11,11:18:40,SRM,91jxMC,srm,luva1,Samuel,gato,Interface: camera,Sistema escaneou o QR Code de Código 04,passaro
2023-05-11,11:18:40,SRM,91jxMC,srm,luva1,Samuel,gato,Interface: folha desenho,Participante mostrou qr-code 04,SRM_2023_05_11_11h_18m_40s_91jxMC_Samuel.jpg
2023-05-11,11:18:41,SRM,96nsGE,srm,luva2,Patrick,macaco,Interface: srm,luva2,70
2023-05-11,11:18:41,SRM,91jxMC,srm,luva1,Samuel,gato,Interface: srm,luva1,82
2023-05-11,11:18:41,SRM,14obZG,srm,luva1,Samuel,gato,Interface: srm,luva1,82
2023-05-11,11:18:45,SRM,91jxMC,srm,luva1,Samuel,gato,Interface: srm,luva1,62
2023-05-11,11:18:45,SRM,14obZG,srm,luva1,Samuel,gato,Interface: srm,luva1,62
2023-05-11,11:18:46,SRM,91jxMC,srm,luva1,Samuel,gato,Interface: Sistema,Inicia estrofe 4,aviao
2023-05-11,11:18:46,SRM,91jxMC,srm,luva1,Samuel,gato,Interface: Sistema,Estrofe 4 em andamento. Enviar avatar,aviao
2023-05-11,11:18:46,SRM,91jxMC,srm,luva1,Samuel,gato,Interface: Sistema,Votação para a estrofe 4,aviao
2023-05-11,11:18:46,SRM,08tsLO,web,,joao pedro,lobo,Interface: camera,Sistema escaneou o QR Code de Código 06,aviao
2023-05-11,11:18:46,SRM,08tsLO,web,,joao pedro,lobo,Interface: Sistema,Estrofe 4 em andamento. Enviar avatar,aviao
2023-05-11,11:18:46,SRM,08tsLO,web,,joao pedro,lobo,Interface: folha desenho,Participante mostrou qr-code 06,SRM_2023_05_11_11h_18m_46s_08tsLO_joao pedro.jpg
2023-05-11,11:18:47,SRM,96nsGE,srm,luva2,Patrick,macaco,Interface: srm,luva2,90
2023-05-11,11:18:48,SRM,38igWL,web,,Rafela e Augusto,urso,Interface: camera,Sistema escaneou o QR Code de Código 82,feliz
2023-05-11,11:18:48,SRM,38igWL,web,,Rafela e Augusto,urso,Interface: Sistema,Sistema mostrou emoção e enviou para o Físico82,feliz
2023-05-11,11:18:48,SRM,38igWL,web,,Rafela e Augusto,urso,Interface: folha desenho,Participante mostrou qr-code 82,SRM_2023_05_11_11h_18m_48s_38igWL_Rafela e Augusto.jpg
2023-05-11,11:18:49,SRM,91jxMC,srm,luva1,Samuel,gato,Interface: srm,luva1,77
2023-05-11,11:18:49,SRM,14obZG,srm,luva1,Samuel,gato,Interface: srm,luva1,77
2023-05-11,11:18:51,SRM,96nsGE,srm,luva2,Patrick,macaco,Interface: srm,luva2,90
2023-05-11,11:18:51,SRM,38igWL,web,,Rafela e Augusto,urso,Interface: camera,Sistema escaneou o QR Code de Código 82,feliz
2023-05-11,11:18:51,SRM,38igWL,web,,Rafela e Augusto,urso,Interface: Sistema,Sistema mostrou emoção e enviou para o Físico82,feliz
2023-05-11,11:18:51,SRM,38igWL,web,,Rafela e Augusto,urso,Interface: folha desenho,Participante mostrou qr-code 82,SRM_2023_05_11_11h_18m_51s_38igWL_Rafela e Augusto.jpg
2023-05-11,11:18:51,SRM,08tsLO,web,,joao pedro,lobo,Interface: camera,Sistema escaneou o QR Code de Código 06,aviao
2023-05-11,11:18:51,SRM,08tsLO,web,,joao pedro,lobo,Interface: Sistema,Votação para a estrofe 4,aviao
2023-05-11,11:18:51,SRM,08tsLO,web,,joao pedro,lobo,Interface: folha desenho,Participante mostrou qr-code 06,SRM_2023_05_11_11h_18m_51s_08tsLO_joao pedro.jpg
2023-05-11,11:18:53,SRM,91jxMC,srm,luva1,Samuel,gato,Interface: srm,luva1,75
2023-05-11,11:18:53,SRM,14obZG,srm,luva1,Samuel,gato,Interface: srm,luva1,75
2023-05-11,11:18:54,SRM,38igWL,web,,Rafela e Augusto,urso,Interface: camera,Sistema escaneou o QR Code de Código 82,feliz
2023-05-11,11:18:54,SRM,38igWL,web,,Rafela e Augusto,urso,Interface: Sistema,Sistema mostrou emoção e enviou para o Físico82,feliz
2023-05-11,11:18:54,SRM,38igWL,web,,Rafela e Augusto,urso,Interface: folha desenho,Participante mostrou qr-code 82,SRM_2023_05_11_11h_18m_54s_38igWL_Rafela e Augusto.jpg
2023-05-11,11:18:55,SRM,96nsGE,srm,luva2,Patrick,macaco,Interface: srm,luva2,101
2023-05-11,11:18:57,SRM,91jxMC,srm,luva1,Samuel,gato,Interface: srm,luva1,81
2023-05-11,11:18:57,SRM,14obZG,srm,luva1,Samuel,gato,Interface: srm,luva1,81
2023-05-11,11:18:59,SRM,96nsGE,srm,luva2,Patrick,macaco,Interface: camera,Sistema escaneou o QR Code de Código 82,feliz
2023-05-11,11:18:59,SRM,96nsGE,srm,luva2,Patrick,macaco,Interface: Sistema,Sistema mostrou emoção e enviou para o Físico82,feliz
2023-05-11,11:18:59,SRM,96nsGE,srm,luva2,Patrick,macaco,Interface: folha desenho,Participante mostrou qr-code 82,SRM_2023_05_11_11h_18m_59s_96nsGE_Patrick.jpg
2023-05-11,11:19:01,SRM,38igWL,web,,Rafela e Augusto,urso,Interface: folha desenho,Participante Rafela e Augusto tirou uma foto,SRM_2023_05_11_11h_19m_01s_38igWL_Rafela e Augusto.jpg
2023-05-11,11:19:02,SRM,91jxMC,srm,luva1,Samuel,gato,Interface: srm,luva1,84
2023-05-11,11:19:02,SRM,14obZG,srm,luva1,Samuel,gato,Interface: srm,luva1,84
2023-05-11,11:19:06,SRM,91jxMC,srm,luva1,Samuel,gato,Interface: srm,luva1,73
2023-05-11,11:19:06,SRM,14obZG,srm,luva1,Samuel,gato,Interface: srm,luva1,73
2023-05-11,11:19:09,SRM,91jxMC,srm,luva1,Samuel,gato,Interface: folha desenho,Participante Samuel tirou uma foto,SRM_2023_05_11_11h_19m_09s_91jxMC_Samuel.jpg
2023-05-11,11:19:10,SRM,91jxMC,srm,luva1,Samuel,gato,Interface: srm,luva1,80
2023-05-11,11:19:10,SRM,14obZG,srm,luva1,Samuel,gato,Interface: srm,luva1,80
2023-05-11,11:19:14,SRM,91jxMC,srm,luva1,Samuel,gato,Interface: srm,luva1,80
2023-05-11,11:19:14,SRM,14obZG,srm,luva1,Samuel,gato,Interface: srm,luva1,80
2023-05-11,11:19:15,SRM,96nsGE,srm,luva2,Patrick,macaco,Interface: camera,Sistema escaneou o QR Code de Código 86,calmo
2023-05-11,11:19:15,SRM,96nsGE,srm,luva2,Patrick,macaco,Interface: Sistema,Sistema mostrou emoção e enviou para o Físico86,calmo
2023-05-11,11:19:15,SRM,96nsGE,srm,luva2,Patrick,macaco,Interface: folha desenho,Participante mostrou qr-code 86,SRM_2023_05_11_11h_19m_15s_96nsGE_Patrick.jpg
2023-05-11,11:19:16,SRM,91jxMC,srm,luva1,Samuel,gato,Interface: folha desenho,Participante Samuel tirou uma foto,SRM_2023_05_11_11h_19m_16s_91jxMC_Samuel.jpg
2023-05-11,11:19:16,SRM,66mrYL,web,,jose,cachorro,Interface: folha desenho,Participante jose tirou uma foto,SRM_2023_05_11_11h_19m_16s_66mrYL_jose.jpg
2023-05-11,11:19:16,SRM,14obZG,srm,luva1,Samuel,gato,Interface: Sistema,Inicia estrofe 1,castelo_qr
2023-05-11,11:19:18,SRM,91jxMC,srm,luva1,Samuel,gato,Interface: srm,luva1,84
2023-05-11,11:19:18,SRM,14obZG,srm,luva1,Samuel,gato,Interface: srm,luva1,84
2023-05-11,11:19:22,SRM,91jxMC,srm,luva1,Samuel,gato,Interface: srm,luva1,81
2023-05-11,11:19:22,SRM,14obZG,srm,luva1,Samuel,gato,Interface: srm,luva1,81
2023-05-11,11:19:22,SRM,08tsLO,web,,joao pedro,lobo,Interface: camera,Sistema escaneou o QR Code de Código 01,sol
2023-05-11,11:19:22,SRM,08tsLO,web,,joao pedro,lobo,Interface: Sistema,Estrofe 1 em andamento. Enviar avatar,sol
2023-05-11,11:19:22,SRM,08tsLO,web,,joao pedro,lobo,Interface: folha desenho,Participante mostrou qr-code 01,SRM_2023_05_11_11h_19m_22s_08tsLO_joao pedro.jpg
2023-05-11,11:19:25,SRM,91jxMC,srm,luva1,Samuel,gato,Interface: camera,Sistema escaneou o QR Code de Código 05,barco
2023-05-11,11:19:25,SRM,91jxMC,srm,luva1,Samuel,gato,Interface: Sistema,Votação para a estrofe 3,barco
2023-05-11,11:19:26,SRM,91jxMC,srm,luva1,Samuel,gato,Interface: folha desenho,Participante mostrou qr-code 05,SRM_2023_05_11_11h_19m_25s_91jxMC_Samuel.jpg
2023-05-11,11:19:26,SRM,91jxMC,srm,luva1,Samuel,gato,Interface: srm,luva1,82
2023-05-11,11:19:26,SRM,14obZG,srm,luva1,Samuel,gato,Interface: srm,luva1,82
2023-05-11,11:19:26,SRM,38igWL,web,,Rafela e Augusto,urso,Interface: camera,Sistema escaneou o QR Code de Código 01,sol
2023-05-11,11:19:26,SRM,38igWL,web,,Rafela e Augusto,urso,Interface: Sistema,Estrofe 1 em andamento. Enviar avatar,sol
2023-05-11,11:19:26,SRM,38igWL,web,,Rafela e Augusto,urso,Interface: folha desenho,Participante mostrou qr-code 01,SRM_2023_05_11_11h_19m_26s_38igWL_Rafela e Augusto.jpg
2023-05-11,11:19:28,SRM,96nsGE,srm,luva2,Patrick,macaco,Interface: srm,luva2,63
2023-05-11,11:19:30,SRM,91jxMC,srm,luva1,Samuel,gato,Interface: srm,luva1,75
2023-05-11,11:19:30,SRM,14obZG,srm,luva1,Samuel,gato,Interface: srm,luva1,75
2023-05-11,11:19:31,SRM,91jxMC,srm,luva1,Samuel,gato,Interface: camera,Sistema escaneou o QR Code de Código 05,barco
2023-05-11,11:19:31,SRM,91jxMC,srm,luva1,Samuel,gato,Interface: Sistema,Votação para a estrofe 3,barco
2023-05-11,11:19:31,SRM,91jxMC,srm,luva1,Samuel,gato,Interface: folha desenho,Participante mostrou qr-code 05,SRM_2023_05_11_11h_19m_31s_91jxMC_Samuel.jpg
2023-05-11,11:19:32,SRM,96nsGE,srm,luva2,Patrick,macaco,Interface: srm,luva2,99
2023-05-11,11:19:34,SRM,91jxMC,srm,luva1,Samuel,gato,Interface: srm,luva1,81
2023-05-11,11:19:34,SRM,14obZG,srm,luva1,Samuel,gato,Interface: srm,luva1,81
2023-05-11,11:19:36,SRM,96nsGE,srm,luva2,Patrick,macaco,Interface: srm,luva2,90
2023-05-11,11:19:37,SRM,91jxMC,srm,luva1,Samuel,gato,Interface: camera,Sistema escaneou o QR Code de Código 05,barco
2023-05-11,11:19:37,SRM,91jxMC,srm,luva1,Samuel,gato,Interface: Sistema,Votação para a estrofe 3,barco
2023-05-11,11:19:37,SRM,91jxMC,srm,luva1,Samuel,gato,Interface: folha desenho,Participante mostrou qr-code 05,SRM_2023_05_11_11h_19m_37s_91jxMC_Samuel.jpg
2023-05-11,11:19:38,SRM,66mrYL,web,,jose,cachorro,Interface: camera,Sistema escaneou o QR Code de Código 01,sol
2023-05-11,11:19:38,SRM,66mrYL,web,,jose,cachorro,Interface: Sistema,Estrofe 1 em andamento. Enviar avatar,sol
2023-05-11,11:19:38,SRM,66mrYL,web,,jose,cachorro,Interface: folha desenho,Participante mostrou qr-code 01,SRM_2023_05_11_11h_19m_38s_66mrYL_jose.jpg
2023-05-11,11:19:38,SRM,91jxMC,srm,luva1,Samuel,gato,Interface: srm,luva1,81
2023-05-11,11:19:38,SRM,14obZG,srm,luva1,Samuel,gato,Interface: srm,luva1,81
2023-05-11,11:19:40,SRM,91jxMC,srm,luva1,Samuel,gato,Interface: camera,Sistema escaneou o QR Code de Código 05,barco
2023-05-11,11:19:40,SRM,91jxMC,srm,luva1,Samuel,gato,Interface: Sistema,Votação para a estrofe 3,barco
2023-05-11,11:19:40,SRM,91jxMC,srm,luva1,Samuel,gato,Interface: folha desenho,Participante mostrou qr-code 05,SRM_2023_05_11_11h_19m_40s_91jxMC_Samuel.jpg
2023-05-11,11:19:42,SRM,91jxMC,srm,luva1,Samuel,gato,Interface: srm,luva1,74
2023-05-11,11:19:42,SRM,14obZG,srm,luva1,Samuel,gato,Interface: srm,luva1,74
2023-05-11,11:19:43,SRM,96nsGE,srm,luva2,Patrick,macaco,Interface: srm,luva2,62
2023-05-11,11:19:46,SRM,91jxMC,srm,luva1,Samuel,gato,Interface: srm,luva1,105
2023-05-11,11:19:46,SRM,14obZG,srm,luva1,Samuel,gato,Interface: srm,luva1,105
2023-05-11,11:19:46,SRM,96nsGE,srm,luva2,Patrick,macaco,Interface: Sistema,Inicia estrofe 3,barco
2023-05-11,11:19:46,SRM,96nsGE,srm,luva2,Patrick,macaco,Interface: Sistema,Votação para a estrofe 3,barco
2023-05-11,11:19:46,SRM,96nsGE,srm,luva2,Patrick,macaco,Interface: Sistema,Votação para a estrofe 3,barco
2023-05-11,11:19:46,SRM,96nsGE,srm,luva2,Patrick,macaco,Interface: Sistema,Votação para a estrofe 3,barco
2023-05-11,11:19:47,SRM,96nsGE,srm,luva2,Patrick,macaco,Interface: srm,luva2,70
2023-05-11,11:19:48,SRM,08tsLO,web,,joao pedro,lobo,Interface: camera,Sistema escaneou o QR Code de Código 01,sol
2023-05-11,11:19:48,SRM,14obZG,srm,luva1,Samuel,gato,Interface: socket.io,saiu da sala ou perdeu conexao,
2023-05-11,11:19:48,SRM,08tsLO,web,,joao pedro,lobo,Interface: Sistema,Votação para a estrofe 1,sol
2023-05-11,11:19:48,SRM,08tsLO,web,,joao pedro,lobo,Interface: folha desenho,Participante mostrou qr-code 01,SRM_2023_05_11_11h_19m_48s_08tsLO_joao pedro.jpg
2023-05-11,11:19:50,SRM,96nsGE,srm,luva2,Patrick,macaco,Interface: camera,Sistema escaneou o QR Code de Código 82,feliz
2023-05-11,11:19:50,SRM,96nsGE,srm,luva2,Patrick,macaco,Interface: Sistema,Sistema mostrou emoção e enviou para o Físico82,feliz
2023-05-11,11:19:50,SRM,96nsGE,srm,luva2,Patrick,macaco,Interface: folha desenho,Participante mostrou qr-code 82,SRM_2023_05_11_11h_19m_50s_96nsGE_Patrick.jpg
2023-05-11,11:19:50,SRM,91jxMC,srm,luva1,Samuel,gato,Interface: srm,luva1,98
2023-05-11,11:19:51,SRM,96nsGE,srm,luva2,Patrick,macaco,Interface: srm,luva2,92
2023-05-11,11:19:51,SRM,08tsLO,web,,joao pedro,lobo,Interface: camera,Sistema escaneou o QR Code de Código 01,sol
2023-05-11,11:19:51,SRM,08tsLO,web,,joao pedro,lobo,Interface: Sistema,Votação para a estrofe 1,sol
2023-05-11,11:19:51,SRM,08tsLO,web,,joao pedro,lobo,Interface: folha desenho,Participante mostrou qr-code 01,SRM_2023_05_11_11h_19m_51s_08tsLO_joao pedro.jpg
2023-05-11,11:19:52,SRM,14obZG,srm,luva1,Samuel,gato,Interface: socket.io,entrou na sala - Registrou participante no socket.io,
2023-05-11,11:19:52,SRM,38igWL,web,,Rafela e Augusto,urso,Interface: camera,Sistema escaneou o QR Code de Código 86,calmo
2023-05-11,11:19:52,SRM,38igWL,web,,Rafela e Augusto,urso,Interface: Sistema,Sistema mostrou emoção e enviou para o Físico86,calmo
2023-05-11,11:19:52,SRM,38igWL,web,,Rafela e Augusto,urso,Interface: folha desenho,Participante mostrou qr-code 86,SRM_2023_05_11_11h_19m_52s_38igWL_Rafela e Augusto.jpg
2023-05-11,11:19:54,SRM,91jxMC,srm,luva1,Samuel,gato,Interface: srm,luva1,89
2023-05-11,11:19:54,SRM,14obZG,srm,luva1,Samuel,gato,Interface: srm,luva1,89
2023-05-11,11:19:55,SRM,38igWL,web,,Rafela e Augusto,urso,Interface: camera,Sistema escaneou o QR Code de Código 86,calmo
2023-05-11,11:19:55,SRM,38igWL,web,,Rafela e Augusto,urso,Interface: Sistema,Sistema mostrou emoção e enviou para o Físico86,calmo
2023-05-11,11:19:55,SRM,38igWL,web,,Rafela e Augusto,urso,Interface: folha desenho,Participante mostrou qr-code 86,SRM_2023_05_11_11h_19m_55s_38igWL_Rafela e Augusto.jpg
2023-05-11,11:19:56,SRM,96nsGE,srm,luva2,Patrick,macaco,Interface: srm,luva2,69
2023-05-11,11:19:56,SRM,66mrYL,web,,jose,cachorro,Interface: camera,Sistema escaneou o QR Code de Código 05,barco
2023-05-11,11:19:56,SRM,66mrYL,web,,jose,cachorro,Interface: Sistema,Estrofe 3 em andamento. Enviar avatar,barco
2023-05-11,11:19:56,SRM,66mrYL,web,,jose,cachorro,Interface: folha desenho,Participante mostrou qr-code 05,SRM_2023_05_11_11h_19m_56s_66mrYL_jose.jpg
2023-05-11,11:19:58,SRM,91jxMC,srm,luva1,Samuel,gato,Interface: camera,Sistema escaneou o QR Code de Código 82,feliz
2023-05-11,11:19:58,SRM,91jxMC,srm,luva1,Samuel,gato,Interface: Sistema,Sistema mostrou emoção e enviou para o Físico82,feliz
2023-05-11,11:19:58,SRM,91jxMC,srm,luva1,Samuel,gato,Interface: folha desenho,Participante mostrou qr-code 82,SRM_2023_05_11_11h_19m_58s_91jxMC_Samuel.jpg
2023-05-11,11:20:06,SRM,96nsGE,srm,luva2,Patrick,macaco,Interface: srm,luva2,80
2023-05-11,11:20:08,SRM,08tsLO,web,,joao pedro,lobo,Interface: camera,Sistema escaneou o QR Code de Código 05,barco
2023-05-11,11:20:08,SRM,08tsLO,web,,joao pedro,lobo,Interface: Sistema,Estrofe 3 em andamento. Enviar avatar,barco
2023-05-11,11:20:09,SRM,08tsLO,web,,joao pedro,lobo,Interface: folha desenho,Participante mostrou qr-code 05,SRM_2023_05_11_11h_20m_09s_08tsLO_joao pedro.jpg
2023-05-11,11:20:09,SRM,91jxMC,srm,luva1,Samuel,gato,Interface: camera,Sistema escaneou o QR Code de Código 05,barco
2023-05-11,11:20:09,SRM,91jxMC,srm,luva1,Samuel,gato,Interface: Sistema,Votação para a estrofe 3,barco
2023-05-11,11:20:09,SRM,91jxMC,srm,luva1,Samuel,gato,Interface: folha desenho,Participante mostrou qr-code 05,SRM_2023_05_11_11h_20m_09s_91jxMC_Samuel.jpg
2023-05-11,11:20:10,SRM,96nsGE,srm,luva2,Patrick,macaco,Interface: srm,luva2,74
2023-05-11,11:20:11,SRM,91jxMC,srm,luva1,Samuel,gato,Interface: srm,luva1,73
2023-05-11,11:20:11,SRM,14obZG,srm,luva1,Samuel,gato,Interface: srm,luva1,73
2023-05-11,11:20:12,SRM,08tsLO,web,,joao pedro,lobo,Interface: camera,Sistema escaneou o QR Code de Código 05,barco
2023-05-11,11:20:12,SRM,08tsLO,web,,joao pedro,lobo,Interface: Sistema,Votação para a estrofe 3,barco
2023-05-11,11:20:12,SRM,08tsLO,web,,joao pedro,lobo,Interface: folha desenho,Participante mostrou qr-code 05,SRM_2023_05_11_11h_20m_12s_08tsLO_joao pedro.jpg
2023-05-11,11:20:14,SRM,96nsGE,srm,luva2,Patrick,macaco,Interface: srm,luva2,75
2023-05-11,11:20:14,SRM,91jxMC,srm,luva1,Samuel,gato,Interface: Sistema,Inicia estrofe 1,sol
2023-05-11,11:20:14,SRM,91jxMC,srm,luva1,Samuel,gato,Interface: Sistema,Votação para a estrofe 1,sol
2023-05-11,11:20:15,SRM,91jxMC,srm,luva1,Samuel,gato,Interface: srm,luva1,72
2023-05-11,11:20:15,SRM,14obZG,srm,luva1,Samuel,gato,Interface: srm,luva1,72
2023-05-11,11:20:16,SRM,08tsLO,web,,joao pedro,lobo,Interface: camera,Sistema escaneou o QR Code de Código 05,barco
2023-05-11,11:20:16,SRM,08tsLO,web,,joao pedro,lobo,Interface: Sistema,Votação para a estrofe 3,barco
2023-05-11,11:20:16,SRM,08tsLO,web,,joao pedro,lobo,Interface: folha desenho,Participante mostrou qr-code 05,SRM_2023_05_11_11h_20m_16s_08tsLO_joao pedro.jpg
2023-05-11,11:20:19,SRM,91jxMC,srm,luva1,Samuel,gato,Interface: srm,luva1,87
2023-05-11,11:20:19,SRM,14obZG,srm,luva1,Samuel,gato,Interface: srm,luva1,87
2023-05-11,11:20:20,SRM,96nsGE,srm,luva2,Patrick,macaco,Interface: camera,Sistema escaneou o QR Code de Código 82,feliz
2023-05-11,11:20:20,SRM,96nsGE,srm,luva2,Patrick,macaco,Interface: Sistema,Sistema mostrou emoção e enviou para o Físico82,feliz
2023-05-11,11:20:20,SRM,96nsGE,srm,luva2,Patrick,macaco,Interface: folha desenho,Participante mostrou qr-code 82,SRM_2023_05_11_11h_20m_20s_96nsGE_Patrick.jpg
2023-05-11,11:20:22,SRM,38igWL,web,,Rafela e Augusto,urso,Interface: camera,Sistema escaneou o QR Code de Código 82,feliz
2023-05-11,11:20:22,SRM,38igWL,web,,Rafela e Augusto,urso,Interface: Sistema,Sistema mostrou emoção e enviou para o Físico82,feliz
2023-05-11,11:20:22,SRM,38igWL,web,,Rafela e Augusto,urso,Interface: folha desenho,Participante mostrou qr-code 82,SRM_2023_05_11_11h_20m_22s_38igWL_Rafela e Augusto.jpg
2023-05-11,11:20:23,SRM,91jxMC,srm,luva1,Samuel,gato,Interface: srm,luva1,79
2023-05-11,11:20:23,SRM,14obZG,srm,luva1,Samuel,gato,Interface: srm,luva1,79
2023-05-11,11:20:25,SRM,96nsGE,srm,luva2,Patrick,macaco,Interface: srm,luva2,66
2023-05-11,11:20:27,SRM,91jxMC,srm,luva1,Samuel,gato,Interface: srm,luva1,75
2023-05-11,11:20:27,SRM,14obZG,srm,luva1,Samuel,gato,Interface: srm,luva1,75
2023-05-11,11:20:29,SRM,96nsGE,srm,luva2,Patrick,macaco,Interface: srm,luva2,62
2023-05-11,11:20:31,SRM,91jxMC,srm,luva1,Samuel,gato,Interface: srm,luva1,71
2023-05-11,11:20:31,SRM,14obZG,srm,luva1,Samuel,gato,Interface: srm,luva1,71
2023-05-11,11:20:35,SRM,96nsGE,srm,luva2,Patrick,macaco,Interface: srm,luva2,66
2023-05-11,11:20:35,SRM,91jxMC,srm,luva1,Samuel,gato,Interface: srm,luva1,85
2023-05-11,11:20:35,SRM,14obZG,srm,luva1,Samuel,gato,Interface: srm,luva1,85
2023-05-11,11:20:39,SRM,96nsGE,srm,luva2,Patrick,macaco,Interface: srm,luva2,67
2023-05-11,11:20:39,SRM,91jxMC,srm,luva1,Samuel,gato,Interface: camera,Sistema escaneou o QR Code de Código 82,feliz
2023-05-11,11:20:39,SRM,91jxMC,srm,luva1,Samuel,gato,Interface: Sistema,Sistema mostrou emoção e enviou para o Físico82,feliz
2023-05-11,11:20:39,SRM,91jxMC,srm,luva1,Samuel,gato,Interface: folha desenho,Participante mostrou qr-code 82,SRM_2023_05_11_11h_20m_39s_91jxMC_Samuel.jpg
2023-05-11,11:20:39,SRM,91jxMC,srm,luva1,Samuel,gato,Interface: srm,luva1,86
2023-05-11,11:20:39,SRM,14obZG,srm,luva1,Samuel,gato,Interface: srm,luva1,86
2023-05-11,11:20:43,SRM,91jxMC,srm,luva1,Samuel,gato,Interface: camera,Sistema escaneou o QR Code de Código 82,feliz
2023-05-11,11:20:43,SRM,91jxMC,srm,luva1,Samuel,gato,Interface: Sistema,Sistema mostrou emoção e enviou para o Físico82,feliz
2023-05-11,11:20:43,SRM,91jxMC,srm,luva1,Samuel,gato,Interface: folha desenho,Participante mostrou qr-code 82,SRM_2023_05_11_11h_20m_43s_91jxMC_Samuel.jpg
2023-05-11,11:20:43,SRM,96nsGE,srm,luva2,Patrick,macaco,Interface: camera,Sistema escaneou o QR Code de Código 86,calmo
2023-05-11,11:20:43,SRM,96nsGE,srm,luva2,Patrick,macaco,Interface: Sistema,Sistema mostrou emoção e enviou para o Físico86,calmo
2023-05-11,11:20:43,SRM,96nsGE,srm,luva2,Patrick,macaco,Interface: folha desenho,Participante mostrou qr-code 86,SRM_2023_05_11_11h_20m_43s_96nsGE_Patrick.jpg
2023-05-11,11:20:43,SRM,91jxMC,srm,luva1,Samuel,gato,Interface: srm,luva1,84
2023-05-11,11:20:43,SRM,14obZG,srm,luva1,Samuel,gato,Interface: srm,luva1,84
2023-05-11,11:20:44,SRM,14obZG,srm,luva1,Samuel,gato,Interface: Sistema,Inicia estrofe 3,barco
2023-05-11,11:20:46,SRM,38igWL,web,,Rafela e Augusto,urso,Interface: camera,Sistema escaneou o QR Code de Código 03,tinta
2023-05-11,11:20:46,SRM,38igWL,web,,Rafela e Augusto,urso,Interface: Sistema,Votação para a estrofe 2,tinta
2023-05-11,11:20:46,SRM,38igWL,web,,Rafela e Augusto,urso,Interface: folha desenho,Participante mostrou qr-code 03,SRM_2023_05_11_11h_20m_46s_38igWL_Rafela e Augusto.jpg
2023-05-11,11:20:46,SRM,66mrYL,web,,jose,cachorro,Interface: camera,Sistema escaneou o QR Code de Código 02,castelo_qr
2023-05-11,11:20:46,SRM,66mrYL,web,,jose,cachorro,Interface: Sistema,Votação para a estrofe 1,castelo_qr
2023-05-11,11:20:46,SRM,66mrYL,web,,jose,cachorro,Interface: folha desenho,Participante mostrou qr-code 02,SRM_2023_05_11_11h_20m_46s_66mrYL_jose.jpg
2023-05-11,11:20:48,SRM,91jxMC,srm,luva1,Samuel,gato,Interface: srm,luva1,91
2023-05-11,11:20:48,SRM,14obZG,srm,luva1,Samuel,gato,Interface: srm,luva1,91
2023-05-11,11:20:51,SRM,08tsLO,web,,joao pedro,lobo,Interface: camera,Sistema escaneou o QR Code de Código 02,castelo_qr
2023-05-11,11:20:51,SRM,08tsLO,web,,joao pedro,lobo,Interface: Sistema,Votação para a estrofe 1,castelo_qr
2023-05-11,11:20:51,SRM,08tsLO,web,,joao pedro,lobo,Interface: folha desenho,Participante mostrou qr-code 02,SRM_2023_05_11_11h_20m_51s_08tsLO_joao pedro.jpg
2023-05-11,11:20:52,SRM,91jxMC,srm,luva1,Samuel,gato,Interface: srm,luva1,69
2023-05-11,11:20:52,SRM,14obZG,srm,luva1,Samuel,gato,Interface: srm,luva1,69
2023-05-11,11:20:54,SRM,08tsLO,web,,joao pedro,lobo,Interface: camera,Sistema escaneou o QR Code de Código 02,castelo_qr
2023-05-11,11:20:54,SRM,08tsLO,web,,joao pedro,lobo,Interface: Sistema,Votação para a estrofe 1,castelo_qr
2023-05-11,11:20:54,SRM,08tsLO,web,,joao pedro,lobo,Interface: folha desenho,Participante mostrou qr-code 02,SRM_2023_05_11_11h_20m_54s_08tsLO_joao pedro.jpg
2023-05-11,11:20:57,SRM,91jxMC,srm,luva1,Samuel,gato,Interface: srm,luva1,68
2023-05-11,11:20:57,SRM,14obZG,srm,luva1,Samuel,gato,Interface: srm,luva1,68
2023-05-11,11:20:58,SRM,38igWL,web,,Rafela e Augusto,urso,Interface: camera,Sistema escaneou o QR Code de Código 05,barco
2023-05-11,11:20:58,SRM,38igWL,web,,Rafela e Augusto,urso,Interface: Sistema,Estrofe 3 em andamento. Enviar avatar,barco
2023-05-11,11:20:58,SRM,38igWL,web,,Rafela e Augusto,urso,Interface: folha desenho,Participante mostrou qr-code 05,SRM_2023_05_11_11h_20m_58s_38igWL_Rafela e Augusto.jpg
2023-05-11,11:21:00,SRM,96nsGE,srm,luva2,Patrick,macaco,Interface: camera,Sistema escaneou o QR Code de Código 06,aviao
2023-05-11,11:21:00,SRM,96nsGE,srm,luva2,Patrick,macaco,Interface: Sistema,Votação para a estrofe 4,aviao
2023-05-11,11:21:00,SRM,96nsGE,srm,luva2,Patrick,macaco,Interface: folha desenho,Participante mostrou qr-code 06,SRM_2023_05_11_11h_21m_00s_96nsGE_Patrick.jpg
2023-05-11,11:21:00,SRM,66mrYL,web,,jose,cachorro,Interface: camera,Sistema escaneou o QR Code de Código 05,barco
2023-05-11,11:21:00,SRM,66mrYL,web,,jose,cachorro,Interface: Sistema,Estrofe 3 em andamento. Enviar avatar,barco
2023-05-11,11:21:00,SRM,66mrYL,web,,jose,cachorro,Interface: folha desenho,Participante mostrou qr-code 05,SRM_2023_05_11_11h_21m_00s_66mrYL_jose.jpg
2023-05-11,11:21:03,SRM,66mrYL,web,,jose,cachorro,Interface: camera,Sistema escaneou o QR Code de Código 05,barco
2023-05-11,11:21:03,SRM,66mrYL,web,,jose,cachorro,Interface: Sistema,Votação para a estrofe 3,barco
2023-05-11,11:21:03,SRM,66mrYL,web,,jose,cachorro,Interface: folha desenho,Participante mostrou qr-code 05,SRM_2023_05_11_11h_21m_03s_66mrYL_jose.jpg
2023-05-11,11:21:05,SRM,38igWL,web,,Rafela e Augusto,urso,Interface: folha desenho,Participante Rafela e Augusto tirou uma foto,SRM_2023_05_11_11h_21m_05s_38igWL_Rafela e Augusto.jpg
2023-05-11,11:21:08,SRM,91jxMC,srm,luva1,Samuel,gato,Interface: srm,luva1,66
2023-05-11,11:21:08,SRM,14obZG,srm,luva1,Samuel,gato,Interface: srm,luva1,66
2023-05-11,11:21:12,SRM,91jxMC,srm,luva1,Samuel,gato,Interface: srm,luva1,78
2023-05-11,11:21:12,SRM,14obZG,srm,luva1,Samuel,gato,Interface: srm,luva1,78
2023-05-11,11:21:12,SRM,96nsGE,srm,luva2,Patrick,macaco,Interface: srm,luva2,67
2023-05-11,11:21:14,SRM,91jxMC,srm,luva1,Samuel,gato,Interface: camera,Sistema escaneou o QR Code de Código 05,barco
2023-05-11,11:21:14,SRM,91jxMC,srm,luva1,Samuel,gato,Interface: Sistema,Estrofe 3 em andamento. Enviar avatar,barco
2023-05-11,11:21:14,SRM,91jxMC,srm,luva1,Samuel,gato,Interface: folha desenho,Participante mostrou qr-code 05,SRM_2023_05_11_11h_21m_14s_91jxMC_Samuel.jpg
2023-05-11,11:21:14,SRM,91jxMC,srm,luva1,Samuel,gato,Interface: Sistema,Inicia estrofe 1,castelo_qr
2023-05-11,11:21:14,SRM,91jxMC,srm,luva1,Samuel,gato,Interface: Sistema,Estrofe 1 em andamento. Enviar avatar,castelo_qr
2023-05-11,11:21:14,SRM,91jxMC,srm,luva1,Samuel,gato,Interface: Sistema,Votação para a estrofe 1,castelo_qr
2023-05-11,11:21:16,SRM,91jxMC,srm,luva1,Samuel,gato,Interface: srm,luva1,88
2023-05-11,11:21:16,SRM,14obZG,srm,luva1,Samuel,gato,Interface: srm,luva1,88
2023-05-11,11:21:16,SRM,96nsGE,srm,luva2,Patrick,macaco,Interface: srm,luva2,73
2023-05-11,11:21:18,SRM,96nsGE,srm,luva2,Patrick,macaco,Interface: camera,Sistema escaneou o QR Code de Código 86,calmo
2023-05-11,11:21:18,SRM,96nsGE,srm,luva2,Patrick,macaco,Interface: Sistema,Sistema mostrou emoção e enviou para o Físico86,calmo
2023-05-11,11:21:18,SRM,96nsGE,srm,luva2,Patrick,macaco,Interface: folha desenho,Participante mostrou qr-code 86,SRM_2023_05_11_11h_21m_18s_96nsGE_Patrick.jpg
2023-05-11,11:21:20,SRM,91jxMC,srm,luva1,Samuel,gato,Interface: srm,luva1,90
2023-05-11,11:21:20,SRM,14obZG,srm,luva1,Samuel,gato,Interface: srm,luva1,90
2023-05-11,11:21:23,SRM,66mrYL,web,,jose,cachorro,Interface: camera,Sistema escaneou o QR Code de Código 02,castelo_qr
2023-05-11,11:21:24,SRM,66mrYL,web,,jose,cachorro,Interface: Sistema,Votação para a estrofe 1,castelo_qr
2023-05-11,11:21:24,SRM,66mrYL,web,,jose,cachorro,Interface: folha desenho,Participante mostrou qr-code 02,SRM_2023_05_11_11h_21m_24s_66mrYL_jose.jpg
2023-05-11,11:21:24,SRM,91jxMC,srm,luva1,Samuel,gato,Interface: srm,luva1,90
2023-05-11,11:21:24,SRM,14obZG,srm,luva1,Samuel,gato,Interface: srm,luva1,90
2023-05-11,11:21:28,SRM,91jxMC,srm,luva1,Samuel,gato,Interface: srm,luva1,77
2023-05-11,11:21:28,SRM,14obZG,srm,luva1,Samuel,gato,Interface: srm,luva1,77
2023-05-11,11:21:32,SRM,91jxMC,srm,luva1,Samuel,gato,Interface: srm,luva1,82
2023-05-11,11:21:32,SRM,14obZG,srm,luva1,Samuel,gato,Interface: srm,luva1,82
2023-05-11,11:21:35,SRM,96nsGE,srm,luva2,Patrick,macaco,Interface: srm,luva2,62
2023-05-11,11:21:37,SRM,38igWL,web,,Rafela e Augusto,urso,Interface: camera,Sistema escaneou o QR Code de Código 01,sol
2023-05-11,11:21:37,SRM,38igWL,web,,Rafela e Augusto,urso,Interface: Sistema,Estrofe 1 em andamento. Enviar avatar,sol
2023-05-11,11:21:38,SRM,38igWL,web,,Rafela e Augusto,urso,Interface: folha desenho,Participante mostrou qr-code 01,SRM_2023_05_11_11h_21m_38s_38igWL_Rafela e Augusto.jpg
2023-05-11,11:21:38,SRM,91jxMC,srm,luva1,Samuel,gato,Interface: srm,luva1,68
2023-05-11,11:21:38,SRM,14obZG,srm,luva1,Samuel,gato,Interface: srm,luva1,68
2023-05-11,11:21:38,SRM,08tsLO,web,,joao pedro,lobo,Interface: folha desenho,Participante joao pedro tirou uma foto,SRM_2023_05_11_11h_21m_38s_08tsLO_joao pedro.jpg
2023-05-11,11:21:39,SRM,96nsGE,srm,luva2,Patrick,macaco,Interface: srm,luva2,83
2023-05-11,11:21:40,SRM,66mrYL,web,,jose,cachorro,Interface: folha desenho,Participante jose tirou uma foto,SRM_2023_05_11_11h_21m_40s_66mrYL_jose.jpg
2023-05-11,11:21:41,SRM,91jxMC,srm,luva1,Samuel,gato,Interface: camera,Sistema escaneou o QR Code de Código 02,castelo_qr
2023-05-11,11:21:41,SRM,91jxMC,srm,luva1,Samuel,gato,Interface: Sistema,Estrofe 1 em andamento. Enviar avatar,castelo_qr
2023-05-11,11:21:42,SRM,91jxMC,srm,luva1,Samuel,gato,Interface: srm,luva1,73
2023-05-11,11:21:42,SRM,14obZG,srm,luva1,Samuel,gato,Interface: srm,luva1,73
2023-05-11,11:21:42,SRM,91jxMC,srm,luva1,Samuel,gato,Interface: folha desenho,Participante mostrou qr-code 02,SRM_2023_05_11_11h_21m_42s_91jxMC_Samuel.jpg
2023-05-11,11:21:42,SRM,91jxMC,srm,luva1,Samuel,gato,Interface: camera,Sistema escaneou o QR Code de Código 02,castelo_qr
2023-05-11,11:21:42,SRM,91jxMC,srm,luva1,Samuel,gato,Interface: Sistema,Votação para a estrofe 1,castelo_qr
2023-05-11,11:21:43,SRM,91jxMC,srm,luva1,Samuel,gato,Interface: folha desenho,Participante mostrou qr-code 02,SRM_2023_05_11_11h_21m_43s_91jxMC_Samuel.jpg
2023-05-11,11:21:43,SRM,91jxMC,srm,luva1,Samuel,gato,Interface: camera,Sistema escaneou o QR Code de Código 02,castelo_qr
2023-05-11,11:21:43,SRM,91jxMC,srm,luva1,Samuel,gato,Interface: Sistema,Votação para a estrofe 1,castelo_qr
2023-05-11,11:21:43,SRM,96nsGE,srm,luva2,Patrick,macaco,Interface: srm,luva2,69
2023-05-11,11:21:44,SRM,91jxMC,srm,luva1,Samuel,gato,Interface: folha desenho,Participante mostrou qr-code 02,SRM_2023_05_11_11h_21m_43s_91jxMC_Samuel.jpg
2023-05-11,11:21:44,SRM,14obZG,srm,luva1,Samuel,gato,Interface: Sistema,Inicia estrofe 4,aviao
2023-05-11,11:21:45,SRM,38igWL,web,,Rafela e Augusto,urso,Interface: folha desenho,Participante Rafela e Augusto tirou uma foto,SRM_2023_05_11_11h_21m_45s_38igWL_Rafela e Augusto.jpg
2023-05-11,11:21:46,SRM,91jxMC,srm,luva1,Samuel,gato,Interface: srm,luva1,84
2023-05-11,11:21:46,SRM,14obZG,srm,luva1,Samuel,gato,Interface: srm,luva1,84
2023-05-11,11:21:47,SRM,08tsLO,web,,joao pedro,lobo,Interface: folha desenho,Participante joao pedro tirou uma foto,SRM_2023_05_11_11h_21m_47s_08tsLO_joao pedro.jpg
2023-05-11,11:21:50,SRM,91jxMC,srm,luva1,Samuel,gato,Interface: srm,luva1,93
2023-05-11,11:21:50,SRM,14obZG,srm,luva1,Samuel,gato,Interface: srm,luva1,93
2023-05-11,11:21:54,SRM,91jxMC,srm,luva1,Samuel,gato,Interface: srm,luva1,72
2023-05-11,11:21:54,SRM,14obZG,srm,luva1,Samuel,gato,Interface: srm,luva1,72
2023-05-11,11:21:58,SRM,91jxMC,srm,luva1,Samuel,gato,Interface: srm,luva1,94
2023-05-11,11:21:58,SRM,14obZG,srm,luva1,Samuel,gato,Interface: srm,luva1,94
2023-05-11,11:22:00,SRM,08tsLO,web,,joao pedro,lobo,Interface: folha desenho,Participante joao pedro tirou uma foto,SRM_2023_05_11_11h_22m_00s_08tsLO_joao pedro.jpg
2023-05-11,11:22:02,SRM,91jxMC,srm,luva1,Samuel,gato,Interface: srm,luva1,71
2023-05-11,11:22:02,SRM,14obZG,srm,luva1,Samuel,gato,Interface: srm,luva1,71
2023-05-11,11:22:02,SRM,96nsGE,srm,luva2,Patrick,macaco,Interface: camera,Sistema escaneou o QR Code de Código 82,feliz
2023-05-11,11:22:02,SRM,96nsGE,srm,luva2,Patrick,macaco,Interface: Sistema,Sistema mostrou emoção e enviou para o Físico82,feliz
2023-05-11,11:22:02,SRM,96nsGE,srm,luva2,Patrick,macaco,Interface: folha desenho,Participante mostrou qr-code 82,SRM_2023_05_11_11h_22m_02s_96nsGE_Patrick.jpg
2023-05-11,11:22:03,SRM,96nsGE,srm,luva2,Patrick,macaco,Interface: srm,luva2,65
2023-05-11,11:22:05,SRM,08tsLO,web,,joao pedro,lobo,Interface: folha desenho,Participante joao pedro tirou uma foto,SRM_2023_05_11_11h_22m_05s_08tsLO_joao pedro.jpg
2023-05-11,11:22:06,SRM,91jxMC,srm,luva1,Samuel,gato,Interface: srm,luva1,91
2023-05-11,11:22:06,SRM,14obZG,srm,luva1,Samuel,gato,Interface: srm,luva1,91
2023-05-11,11:22:07,SRM,96nsGE,srm,luva2,Patrick,macaco,Interface: srm,luva2,68
2023-05-11,11:22:08,SRM,08tsLO,web,,joao pedro,lobo,Interface: socket.io,saiu da sala ou perdeu conexao,
2023-05-11,11:22:12,SRM,91jxMC,srm,luva1,Samuel,gato,Interface: srm,luva1,67
2023-05-11,11:22:12,SRM,14obZG,srm,luva1,Samuel,gato,Interface: srm,luva1,67
2023-05-11,11:22:17,SRM,91jxMC,srm,luva1,Samuel,gato,Interface: srm,luva1,83
2023-05-11,11:22:17,SRM,14obZG,srm,luva1,Samuel,gato,Interface: srm,luva1,83
2023-05-11,11:22:18,SRM,91jxMC,srm,luva1,Samuel,gato,Interface: Sistema,Inicia estrofe 2,tinta
2023-05-11,11:22:26,SRM,64biGO,web,,joao pedro,lobo,Interface: desenho,Fez login e iniciou os cookies com (64biGO) (joao pedro) e (lobo),
2023-05-11,11:22:26,SRM,64biGO,web,,joao pedro,lobo,Interface: desenho,Reconectou - Atualização de página - F5,
2023-05-11,11:22:26,SRM,96nsGE,srm,luva2,Patrick,macaco,Interface: srm,luva2,77
2023-05-11,11:22:26,SRM,64biGO,web,,joao pedro,lobo,Interface: socket.io,entrou na sala - Registrou participante no socket.io,
2023-05-11,11:22:28,SRM,91jxMC,srm,luva1,Samuel,gato,Interface: srm,luva1,61
2023-05-11,11:22:28,SRM,14obZG,srm,luva1,Samuel,gato,Interface: srm,luva1,61
2023-05-11,11:22:29,SRM,96nsGE,srm,luva2,Patrick,macaco,Interface: camera,Sistema escaneou o QR Code de Código 04,passaro
2023-05-11,11:22:29,SRM,96nsGE,srm,luva2,Patrick,macaco,Interface: Sistema,Estrofe 2 em andamento. Enviar avatar,passaro
2023-05-11,11:22:29,SRM,96nsGE,srm,luva2,Patrick,macaco,Interface: folha desenho,Participante mostrou qr-code 04,SRM_2023_05_11_11h_22m_29s_96nsGE_Patrick.jpg
2023-05-11,11:22:32,SRM,91jxMC,srm,luva1,Samuel,gato,Interface: srm,luva1,70
2023-05-11,11:22:32,SRM,14obZG,srm,luva1,Samuel,gato,Interface: srm,luva1,70
2023-05-11,11:22:32,SRM,64biGO,web,,joao pedro,lobo,Interface: folha desenho,Participante joao pedro tirou uma foto,SRM_2023_05_11_11h_22m_32s_64biGO_joao pedro.jpg
2023-05-11,11:22:33,SRM,91jxMC,srm,luva1,Samuel,gato,Interface: camera,Sistema escaneou o QR Code de Código 03,tinta
2023-05-11,11:22:33,SRM,91jxMC,srm,luva1,Samuel,gato,Interface: Sistema,Estrofe 2 em andamento. Enviar avatar,tinta
2023-05-11,11:22:33,SRM,91jxMC,srm,luva1,Samuel,gato,Interface: folha desenho,Participante mostrou qr-code 03,SRM_2023_05_11_11h_22m_33s_91jxMC_Samuel.jpg
2023-05-11,11:22:36,SRM,91jxMC,srm,luva1,Samuel,gato,Interface: srm,luva1,90
2023-05-11,11:22:36,SRM,14obZG,srm,luva1,Samuel,gato,Interface: srm,luva1,90
2023-05-11,11:22:38,SRM,96nsGE,srm,luva2,Patrick,macaco,Interface: srm,luva2,61
2023-05-11,11:22:40,SRM,91jxMC,srm,luva1,Samuel,gato,Interface: srm,luva1,81
2023-05-11,11:22:40,SRM,14obZG,srm,luva1,Samuel,gato,Interface: srm,luva1,81
2023-05-11,11:22:41,SRM,64biGO,web,,joao pedro,lobo,Interface: folha desenho,Participante joao pedro tirou uma foto,SRM_2023_05_11_11h_22m_41s_64biGO_joao pedro.jpg
2023-05-11,11:22:42,SRM,96nsGE,srm,luva2,Patrick,macaco,Interface: srm,luva2,74
2023-05-11,11:22:43,SRM,38igWL,web,,Rafela e Augusto,urso,Interface: folha desenho,Participante Rafela e Augusto tirou uma foto,SRM_2023_05_11_11h_22m_43s_38igWL_Rafela e Augusto.jpg
2023-05-11,11:22:44,SRM,91jxMC,srm,luva1,Samuel,gato,Interface: srm,luva1,119
2023-05-11,11:22:44,SRM,14obZG,srm,luva1,Samuel,gato,Interface: srm,luva1,119
2023-05-11,11:22:46,SRM,96nsGE,srm,luva2,Patrick,macaco,Interface: srm,luva2,65
2023-05-11,11:22:48,SRM,91jxMC,srm,luva1,Samuel,gato,Interface: srm,luva1,119
2023-05-11,11:22:48,SRM,14obZG,srm,luva1,Samuel,gato,Interface: srm,luva1,119
2023-05-11,11:22:50,SRM,96nsGE,srm,luva2,Patrick,macaco,Interface: srm,luva2,65
2023-05-11,11:22:51,SRM,91jxMC,srm,luva1,Samuel,gato,Interface: camera,Sistema escaneou o QR Code de Código 04,passaro
2023-05-11,11:22:51,SRM,91jxMC,srm,luva1,Samuel,gato,Interface: Sistema,Inicia estrofe 2,passaro
2023-05-11,11:22:52,SRM,91jxMC,srm,luva1,Samuel,gato,Interface: folha desenho,Participante mostrou qr-code 04,SRM_2023_05_11_11h_22m_52s_91jxMC_Samuel.jpg
2023-05-11,11:22:54,SRM,96nsGE,srm,luva2,Patrick,macaco,Interface: srm,luva2,65
2023-05-11,11:22:57,SRM,91jxMC,srm,luva1,Samuel,gato,Interface: srm,luva1,65
2023-05-11,11:22:57,SRM,14obZG,srm,luva1,Samuel,gato,Interface: srm,luva1,65
2023-05-11,11:22:58,SRM,96nsGE,srm,luva2,Patrick,macaco,Interface: srm,luva2,65
2023-05-11,11:23:01,SRM,91jxMC,srm,luva1,Samuel,gato,Interface: srm,luva1,71
2023-05-11,11:23:01,SRM,14obZG,srm,luva1,Samuel,gato,Interface: srm,luva1,71
2023-05-11,11:23:02,SRM,91jxMC,srm,luva1,Samuel,gato,Interface: camera,Sistema escaneou o QR Code de Código 01,sol
2023-05-11,11:23:02,SRM,91jxMC,srm,luva1,Samuel,gato,Interface: Sistema,Votação para a estrofe 1,sol
2023-05-11,11:23:02,SRM,91jxMC,srm,luva1,Samuel,gato,Interface: folha desenho,Participante mostrou qr-code 01,SRM_2023_05_11_11h_23m_02s_91jxMC_Samuel.jpg
2023-05-11,11:23:02,SRM,96nsGE,srm,luva2,Patrick,macaco,Interface: srm,luva2,76
2023-05-11,11:23:03,SRM,91jxMC,srm,luva1,Samuel,gato,Interface: folha desenho,Participante Samuel tirou uma foto,SRM_2023_05_11_11h_23m_03s_91jxMC_Samuel.jpg
2023-05-11,11:23:05,SRM,91jxMC,srm,luva1,Samuel,gato,Interface: srm,luva1,81
2023-05-11,11:23:05,SRM,14obZG,srm,luva1,Samuel,gato,Interface: srm,luva1,81
2023-05-11,11:23:09,SRM,91jxMC,srm,luva1,Samuel,gato,Interface: srm,luva1,77
2023-05-11,11:23:09,SRM,14obZG,srm,luva1,Samuel,gato,Interface: srm,luva1,77
2023-05-11,11:23:11,SRM,91jxMC,srm,luva1,Samuel,gato,Interface: camera,Sistema escaneou o QR Code de Código 01,sol
2023-05-11,11:23:11,SRM,91jxMC,srm,luva1,Samuel,gato,Interface: Sistema,Votação para a estrofe 1,sol
2023-05-11,11:23:11,SRM,91jxMC,srm,luva1,Samuel,gato,Interface: folha desenho,Participante mostrou qr-code 01,SRM_2023_05_11_11h_23m_11s_91jxMC_Samuel.jpg
2023-05-11,11:23:14,SRM,91jxMC,srm,luva1,Samuel,gato,Interface: srm,luva1,72
2023-05-11,11:23:14,SRM,14obZG,srm,luva1,Samuel,gato,Interface: srm,luva1,72
2023-05-11,11:23:14,SRM,64biGO,web,,joao pedro,lobo,Interface: camera,Sistema escaneou o QR Code de Código 01,sol
2023-05-11,11:23:14,SRM,64biGO,web,,joao pedro,lobo,Interface: Sistema,Votação para a estrofe 1,sol
2023-05-11,11:23:14,SRM,64biGO,web,,joao pedro,lobo,Interface: folha desenho,Participante mostrou qr-code 01,SRM_2023_05_11_11h_23m_14s_64biGO_joao pedro.jpg
2023-05-11,11:23:17,SRM,96nsGE,srm,luva2,Patrick,macaco,Interface: srm,luva2,73
2023-05-11,11:23:18,SRM,91jxMC,srm,luva1,Samuel,gato,Interface: srm,luva1,79
2023-05-11,11:23:18,SRM,14obZG,srm,luva1,Samuel,gato,Interface: srm,luva1,79
2023-05-11,11:23:19,SRM,96nsGE,srm,luva2,Patrick,macaco,Interface: camera,Sistema escaneou o QR Code de Código 85,entediado
2023-05-11,11:23:19,SRM,96nsGE,srm,luva2,Patrick,macaco,Interface: Sistema,Sistema mostrou emoção e enviou para o Físico85,entediado
2023-05-11,11:23:19,SRM,96nsGE,srm,luva2,Patrick,macaco,Interface: folha desenho,Participante mostrou qr-code 85,SRM_2023_05_11_11h_23m_19s_96nsGE_Patrick.jpg
2023-05-11,11:23:20,SRM,66mrYL,web,,jose,cachorro,Interface: camera,Sistema escaneou o QR Code de Código 05,barco
2023-05-11,11:23:21,SRM,66mrYL,web,,jose,cachorro,Interface: Sistema,Votação para a estrofe 3,barco
2023-05-11,11:23:21,SRM,66mrYL,web,,jose,cachorro,Interface: folha desenho,Participante mostrou qr-code 05,SRM_2023_05_11_11h_23m_21s_66mrYL_jose.jpg
2023-05-11,11:23:21,SRM,96nsGE,srm,luva2,Patrick,macaco,Interface: srm,luva2,77
2023-05-11,11:23:22,SRM,14obZG,srm,luva1,Samuel,gato,Interface: Sistema,Inicia estrofe 1,sol
2023-05-11,11:23:22,SRM,14obZG,srm,luva1,Samuel,gato,Interface: Sistema,Votação para a estrofe 1,sol
2023-05-11,11:23:22,SRM,14obZG,srm,luva1,Samuel,gato,Interface: Sistema,Estrofe 1 em andamento. Enviar avatar,sol
2023-05-11,11:23:22,SRM,64biGO,web,,joao pedro,lobo,Interface: camera,Sistema escaneou o QR Code de Código 01,sol
2023-05-11,11:23:22,SRM,64biGO,web,,joao pedro,lobo,Interface: Sistema,Votação para a estrofe 1,sol
2023-05-11,11:23:22,SRM,64biGO,web,,joao pedro,lobo,Interface: folha desenho,Participante mostrou qr-code 01,SRM_2023_05_11_11h_23m_22s_64biGO_joao pedro.jpg
2023-05-11,11:23:23,SRM,91jxMC,srm,luva1,Samuel,gato,Interface: srm,luva1,65
2023-05-11,11:23:23,SRM,14obZG,srm,luva1,Samuel,gato,Interface: srm,luva1,65
2023-05-11,11:23:25,SRM,96nsGE,srm,luva2,Patrick,macaco,Interface: srm,luva2,62
2023-05-11,11:23:27,SRM,91jxMC,srm,luva1,Samuel,gato,Interface: srm,luva1,71
2023-05-11,11:23:27,SRM,14obZG,srm,luva1,Samuel,gato,Interface: srm,luva1,71
2023-05-11,11:23:29,SRM,96nsGE,srm,luva2,Patrick,macaco,Interface: srm,luva2,61
2023-05-11,11:23:30,SRM,38igWL,web,,Rafela e Augusto,urso,Interface: camera,Sistema escaneou o QR Code de Código 01,sol
2023-05-11,11:23:30,SRM,38igWL,web,,Rafela e Augusto,urso,Interface: Sistema,Estrofe 1 em andamento. Enviar avatar,sol
2023-05-11,11:23:30,SRM,38igWL,web,,Rafela e Augusto,urso,Interface: folha desenho,Participante mostrou qr-code 01,SRM_2023_05_11_11h_23m_30s_38igWL_Rafela e Augusto.jpg
2023-05-11,11:23:31,SRM,91jxMC,srm,luva1,Samuel,gato,Interface: srm,luva1,72
2023-05-11,11:23:31,SRM,14obZG,srm,luva1,Samuel,gato,Interface: srm,luva1,72
2023-05-11,11:23:33,SRM,96nsGE,srm,luva2,Patrick,macaco,Interface: srm,luva2,61
2023-05-11,11:23:35,SRM,91jxMC,srm,luva1,Samuel,gato,Interface: srm,luva1,70
2023-05-11,11:23:35,SRM,14obZG,srm,luva1,Samuel,gato,Interface: srm,luva1,70
2023-05-11,11:23:39,SRM,91jxMC,srm,luva1,Samuel,gato,Interface: srm,luva1,90
2023-05-11,11:23:39,SRM,14obZG,srm,luva1,Samuel,gato,Interface: srm,luva1,90
2023-05-11,11:23:43,SRM,91jxMC,srm,luva1,Samuel,gato,Interface: srm,luva1,73
2023-05-11,11:23:43,SRM,14obZG,srm,luva1,Samuel,gato,Interface: srm,luva1,73
2023-05-11,11:23:46,SRM,96nsGE,srm,luva2,Patrick,macaco,Interface: camera,Sistema escaneou o QR Code de Código 82,feliz
2023-05-11,11:23:46,SRM,96nsGE,srm,luva2,Patrick,macaco,Interface: Sistema,Sistema mostrou emoção e enviou para o Físico82,feliz
2023-05-11,11:23:46,SRM,96nsGE,srm,luva2,Patrick,macaco,Interface: folha desenho,Participante mostrou qr-code 82,SRM_2023_05_11_11h_23m_46s_96nsGE_Patrick.jpg
2023-05-11,11:23:47,SRM,91jxMC,srm,luva1,Samuel,gato,Interface: srm,luva1,73
2023-05-11,11:23:47,SRM,14obZG,srm,luva1,Samuel,gato,Interface: srm,luva1,73
2023-05-11,11:23:48,SRM,66mrYL,web,,jose,cachorro,Interface: camera,Sistema escaneou o QR Code de Código 01,sol
2023-05-11,11:23:48,SRM,66mrYL,web,,jose,cachorro,Interface: Sistema,Estrofe 1 em andamento. Enviar avatar,sol
2023-05-11,11:23:48,SRM,66mrYL,web,,jose,cachorro,Interface: folha desenho,Participante mostrou qr-code 01,SRM_2023_05_11_11h_23m_48s_66mrYL_jose.jpg
2023-05-11,11:23:51,SRM,91jxMC,srm,luva1,Samuel,gato,Interface: srm,luva1,77
2023-05-11,11:23:51,SRM,14obZG,srm,luva1,Samuel,gato,Interface: srm,luva1,77
2023-05-11,11:23:51,SRM,64biGO,web,,joao pedro,lobo,Interface: camera,Sistema escaneou o QR Code de Código 01,sol
2023-05-11,11:23:51,SRM,64biGO,web,,joao pedro,lobo,Interface: Sistema,Votação para a estrofe 1,sol
2023-05-11,11:23:51,SRM,64biGO,web,,joao pedro,lobo,Interface: folha desenho,Participante mostrou qr-code 01,SRM_2023_05_11_11h_23m_51s_64biGO_joao pedro.jpg
2023-05-11,11:23:52,SRM,91jxMC,srm,luva1,Samuel,gato,Interface: camera,Sistema escaneou o QR Code de Código 05,barco
2023-05-11,11:23:52,SRM,91jxMC,srm,luva1,Samuel,gato,Interface: Sistema,Votação para a estrofe 3,barco
2023-05-11,11:23:52,SRM,91jxMC,srm,luva1,Samuel,gato,Interface: folha desenho,Participante mostrou qr-code 05,SRM_2023_05_11_11h_23m_52s_91jxMC_Samuel.jpg
2023-05-11,11:23:52,SRM,14obZG,srm,luva1,Samuel,gato,Interface: Sistema,Inicia estrofe 3,barco
2023-05-11,11:23:52,SRM,14obZG,srm,luva1,Samuel,gato,Interface: Sistema,Estrofe 3 em andamento. Enviar avatar,barco
2023-05-11,11:23:54,SRM,64biGO,web,,joao pedro,lobo,Interface: camera,Sistema escaneou o QR Code de Código 01,sol
2023-05-11,11:23:54,SRM,64biGO,web,,joao pedro,lobo,Interface: Sistema,Votação para a estrofe 1,sol
2023-05-11,11:23:54,SRM,64biGO,web,,joao pedro,lobo,Interface: folha desenho,Participante mostrou qr-code 01,SRM_2023_05_11_11h_23m_54s_64biGO_joao pedro.jpg
2023-05-11,11:23:54,SRM,96nsGE,srm,luva2,Patrick,macaco,Interface: srm,luva2,76
2023-05-11,11:23:55,SRM,91jxMC,srm,luva1,Samuel,gato,Interface: srm,luva1,97
2023-05-11,11:23:55,SRM,14obZG,srm,luva1,Samuel,gato,Interface: srm,luva1,97
2023-05-11,11:23:56,SRM,66mrYL,web,,jose,cachorro,Interface: camera,Sistema escaneou o QR Code de Código 01,sol
2023-05-11,11:23:56,SRM,66mrYL,web,,jose,cachorro,Interface: Sistema,Votação para a estrofe 1,sol
2023-05-11,11:23:56,SRM,66mrYL,web,,jose,cachorro,Interface: folha desenho,Participante mostrou qr-code 01,SRM_2023_05_11_11h_23m_56s_66mrYL_jose.jpg
2023-05-11,11:23:58,SRM,64biGO,web,,joao pedro,lobo,Interface: camera,Sistema escaneou o QR Code de Código 02,castelo_qr
2023-05-11,11:23:58,SRM,64biGO,web,,joao pedro,lobo,Interface: Sistema,Votação para a estrofe 1,castelo_qr
2023-05-11,11:23:58,SRM,64biGO,web,,joao pedro,lobo,Interface: folha desenho,Participante mostrou qr-code 02,SRM_2023_05_11_11h_23m_58s_64biGO_joao pedro.jpg
2023-05-11,11:23:58,SRM,96nsGE,srm,luva2,Patrick,macaco,Interface: srm,luva2,85
2023-05-11,11:23:59,SRM,66mrYL,web,,jose,cachorro,Interface: camera,Sistema escaneou o QR Code de Código 01,sol
2023-05-11,11:23:59,SRM,66mrYL,web,,jose,cachorro,Interface: Sistema,Votação para a estrofe 1,sol
2023-05-11,11:23:59,SRM,66mrYL,web,,jose,cachorro,Interface: folha desenho,Participante mostrou qr-code 01,SRM_2023_05_11_11h_23m_59s_66mrYL_jose.jpg
2023-05-11,11:24:03,SRM,64biGO,web,,joao pedro,lobo,Interface: camera,Sistema escaneou o QR Code de Código 05,barco
2023-05-11,11:24:03,SRM,64biGO,web,,joao pedro,lobo,Interface: Sistema,Estrofe 3 em andamento. Enviar avatar,barco
2023-05-11,11:24:03,SRM,64biGO,web,,joao pedro,lobo,Interface: folha desenho,Participante mostrou qr-code 05,SRM_2023_05_11_11h_24m_03s_64biGO_joao pedro.jpg
2023-05-11,11:24:05,SRM,91jxMC,srm,luva1,Samuel,gato,Interface: folha desenho,Participante Samuel tirou uma foto,SRM_2023_05_11_11h_24m_05s_91jxMC_Samuel.jpg
2023-05-11,11:24:05,SRM,91jxMC,srm,luva1,Samuel,gato,Interface: srm,luva1,70
2023-05-11,11:24:05,SRM,14obZG,srm,luva1,Samuel,gato,Interface: srm,luva1,70
2023-05-11,11:24:10,SRM,64biGO,web,,joao pedro,lobo,Interface: camera,Sistema escaneou o QR Code de Código 02,castelo_qr
2023-05-11,11:24:10,SRM,64biGO,web,,joao pedro,lobo,Interface: Sistema,Votação para a estrofe 1,castelo_qr
2023-05-11,11:24:10,SRM,64biGO,web,,joao pedro,lobo,Interface: folha desenho,Participante mostrou qr-code 02,SRM_2023_05_11_11h_24m_10s_64biGO_joao pedro.jpg
2023-05-11,11:24:13,SRM,64biGO,web,,joao pedro,lobo,Interface: camera,Sistema escaneou o QR Code de Código 02,castelo_qr
2023-05-11,11:24:13,SRM,64biGO,web,,joao pedro,lobo,Interface: Sistema,Votação para a estrofe 1,castelo_qr
2023-05-11,11:24:13,SRM,64biGO,web,,joao pedro,lobo,Interface: folha desenho,Participante mostrou qr-code 02,SRM_2023_05_11_11h_24m_13s_64biGO_joao pedro.jpg
2023-05-11,11:24:14,SRM,66mrYL,web,,jose,cachorro,Interface: camera,Sistema escaneou o QR Code de Código 05,barco
2023-05-11,11:24:14,SRM,66mrYL,web,,jose,cachorro,Interface: Sistema,Votação para a estrofe 3,barco
2023-05-11,11:24:14,SRM,66mrYL,web,,jose,cachorro,Interface: folha desenho,Participante mostrou qr-code 05,SRM_2023_05_11_11h_24m_14s_66mrYL_jose.jpg
2023-05-11,11:24:19,SRM,91jxMC,srm,luva1,Samuel,gato,Interface: srm,luva1,62
2023-05-11,11:24:19,SRM,14obZG,srm,luva1,Samuel,gato,Interface: srm,luva1,62
2023-05-11,11:24:19,SRM,96nsGE,srm,luva2,Patrick,macaco,Interface: srm,luva2,64
2023-05-11,11:24:21,SRM,38igWL,web,,Rafela e Augusto,urso,Interface: camera,Sistema escaneou o QR Code de Código 05,barco
2023-05-11,11:24:21,SRM,38igWL,web,,Rafela e Augusto,urso,Interface: Sistema,Estrofe 3 em andamento. Enviar avatar,barco
2023-05-11,11:24:21,SRM,38igWL,web,,Rafela e Augusto,urso,Interface: folha desenho,Participante mostrou qr-code 05,SRM_2023_05_11_11h_24m_21s_38igWL_Rafela e Augusto.jpg
2023-05-11,11:24:21,SRM,14obZG,srm,luva1,Samuel,gato,Interface: Sistema,Inicia estrofe 1,sol
2023-05-11,11:24:21,SRM,14obZG,srm,luva1,Samuel,gato,Interface: Sistema,Estrofe 1 em andamento. Enviar avatar,sol
2023-05-11,11:24:21,SRM,14obZG,srm,luva1,Samuel,gato,Interface: Sistema,Votação para a estrofe 1,sol
2023-05-11,11:24:21,SRM,14obZG,srm,luva1,Samuel,gato,Interface: Sistema,Votação para a estrofe 1,castelo_qr
2023-05-11,11:24:21,SRM,14obZG,srm,luva1,Samuel,gato,Interface: Sistema,Votação para a estrofe 1,castelo_qr
2023-05-11,11:24:22,SRM,64biGO,web,,joao pedro,lobo,Interface: camera,Sistema escaneou o QR Code de Código 02,castelo_qr
2023-05-11,11:24:22,SRM,64biGO,web,,joao pedro,lobo,Interface: Sistema,Votação para a estrofe 1,castelo_qr
2023-05-11,11:24:22,SRM,64biGO,web,,joao pedro,lobo,Interface: folha desenho,Participante mostrou qr-code 02,SRM_2023_05_11_11h_24m_22s_64biGO_joao pedro.jpg
2023-05-11,11:24:23,SRM,91jxMC,srm,luva1,Samuel,gato,Interface: srm,luva1,68
2023-05-11,11:24:23,SRM,14obZG,srm,luva1,Samuel,gato,Interface: srm,luva1,68
2023-05-11,11:24:23,SRM,91jxMC,srm,luva1,Samuel,gato,Interface: camera,Sistema escaneou o QR Code de Código 01,sol
2023-05-11,11:24:23,SRM,91jxMC,srm,luva1,Samuel,gato,Interface: Sistema,Estrofe 1 em andamento. Enviar avatar,sol
2023-05-11,11:24:24,SRM,91jxMC,srm,luva1,Samuel,gato,Interface: folha desenho,Participante mostrou qr-code 01,SRM_2023_05_11_11h_24m_24s_91jxMC_Samuel.jpg
2023-05-11,11:24:25,SRM,64biGO,web,,joao pedro,lobo,Interface: camera,Sistema escaneou o QR Code de Código 02,castelo_qr
2023-05-11,11:24:25,SRM,64biGO,web,,joao pedro,lobo,Interface: Sistema,Votação para a estrofe 1,castelo_qr
2023-05-11,11:24:25,SRM,64biGO,web,,joao pedro,lobo,Interface: folha desenho,Participante mostrou qr-code 02,SRM_2023_05_11_11h_24m_25s_64biGO_joao pedro.jpg
2023-05-11,11:24:27,SRM,96nsGE,srm,luva2,Patrick,macaco,Interface: srm,luva2,72
2023-05-11,11:24:27,SRM,91jxMC,srm,luva1,Samuel,gato,Interface: srm,luva1,83
2023-05-11,11:24:27,SRM,14obZG,srm,luva1,Samuel,gato,Interface: srm,luva1,83
2023-05-11,11:24:28,SRM,64biGO,web,,joao pedro,lobo,Interface: camera,Sistema escaneou o QR Code de Código 02,castelo_qr
2023-05-11,11:24:29,SRM,64biGO,web,,joao pedro,lobo,Interface: Sistema,Votação para a estrofe 1,castelo_qr
2023-05-11,11:24:29,SRM,64biGO,web,,joao pedro,lobo,Interface: folha desenho,Participante mostrou qr-code 02,SRM_2023_05_11_11h_24m_29s_64biGO_joao pedro.jpg
2023-05-11,11:24:31,SRM,96nsGE,srm,luva2,Patrick,macaco,Interface: srm,luva2,79
2023-05-11,11:24:31,SRM,91jxMC,srm,luva1,Samuel,gato,Interface: srm,luva1,81
2023-05-11,11:24:31,SRM,14obZG,srm,luva1,Samuel,gato,Interface: srm,luva1,81
2023-05-11,11:24:31,SRM,38igWL,web,,Rafela e Augusto,urso,Interface: camera,Sistema escaneou o QR Code de Código 86,calmo
2023-05-11,11:24:32,SRM,38igWL,web,,Rafela e Augusto,urso,Interface: Sistema,Sistema mostrou emoção e enviou para o Físico86,calmo
2023-05-11,11:24:32,SRM,38igWL,web,,Rafela e Augusto,urso,Interface: folha desenho,Participante mostrou qr-code 86,SRM_2023_05_11_11h_24m_32s_38igWL_Rafela e Augusto.jpg
2023-05-11,11:24:35,SRM,91jxMC,srm,luva1,Samuel,gato,Interface: srm,luva1,85
2023-05-11,11:24:35,SRM,14obZG,srm,luva1,Samuel,gato,Interface: srm,luva1,85
2023-05-11,11:24:35,SRM,96nsGE,srm,luva2,Patrick,macaco,Interface: srm,luva2,61
2023-05-11,11:24:39,SRM,91jxMC,srm,luva1,Samuel,gato,Interface: srm,luva1,89
2023-05-11,11:24:39,SRM,14obZG,srm,luva1,Samuel,gato,Interface: srm,luva1,89
2023-05-11,11:24:40,SRM,38igWL,web,,Rafela e Augusto,urso,Interface: camera,Sistema escaneou o QR Code de Código 86,calmo
2023-05-11,11:24:40,SRM,38igWL,web,,Rafela e Augusto,urso,Interface: Sistema,Sistema mostrou emoção e enviou para o Físico86,calmo
2023-05-11,11:24:40,SRM,38igWL,web,,Rafela e Augusto,urso,Interface: folha desenho,Participante mostrou qr-code 86,SRM_2023_05_11_11h_24m_40s_38igWL_Rafela e Augusto.jpg
2023-05-11,11:24:43,SRM,91jxMC,srm,luva1,Samuel,gato,Interface: srm,luva1,103
2023-05-11,11:24:43,SRM,14obZG,srm,luva1,Samuel,gato,Interface: srm,luva1,103
2023-05-11,11:24:47,SRM,91jxMC,srm,luva1,Samuel,gato,Interface: srm,luva1,80
2023-05-11,11:24:47,SRM,14obZG,srm,luva1,Samuel,gato,Interface: srm,luva1,80
2023-05-11,11:24:48,SRM,66mrYL,web,,jose,cachorro,Interface: camera,Sistema escaneou o QR Code de Código 02,castelo_qr
2023-05-11,11:24:48,SRM,66mrYL,web,,jose,cachorro,Interface: folha desenho,Participante mostrou qr-code 02,SRM_2023_05_11_11h_24m_48s_66mrYL_jose.jpg
2023-05-11,11:24:48,SRM,91jxMC,srm,luva1,Samuel,gato,Interface: folha desenho,Participante Samuel tirou uma foto,SRM_2023_05_11_11h_24m_48s_91jxMC_Samuel.jpg
2023-05-11,11:24:51,SRM,91jxMC,srm,luva1,Samuel,gato,Interface: srm,luva1,71
2023-05-11,11:24:51,SRM,14obZG,srm,luva1,Samuel,gato,Interface: srm,luva1,71
2023-05-11,11:24:51,SRM,66mrYL,web,,jose,cachorro,Interface: camera,Sistema escaneou o QR Code de Código 02,castelo_qr
2023-05-11,11:24:51,SRM,66mrYL,web,,jose,cachorro,Interface: Sistema,Votação para a estrofe 1,castelo_qr
2023-05-11,11:24:51,SRM,66mrYL,web,,jose,cachorro,Interface: folha desenho,Participante mostrou qr-code 02,SRM_2023_05_11_11h_24m_51s_66mrYL_jose.jpg
2023-05-11,11:24:52,SRM,96nsGE,srm,luva2,Patrick,macaco,Interface: srm,luva2,68
2023-05-11,11:24:54,SRM,91jxMC,srm,luva1,Samuel,gato,Interface: camera,Sistema escaneou o QR Code de Código 82,feliz
2023-05-11,11:24:54,SRM,91jxMC,srm,luva1,Samuel,gato,Interface: Sistema,Sistema mostrou emoção e enviou para o Físico82,feliz
2023-05-11,11:24:54,SRM,91jxMC,srm,luva1,Samuel,gato,Interface: folha desenho,Participante mostrou qr-code 82,SRM_2023_05_11_11h_24m_54s_91jxMC_Samuel.jpg
2023-05-11,11:24:54,SRM,66mrYL,web,,jose,cachorro,Interface: camera,Sistema escaneou o QR Code de Código 02,castelo_qr
2023-05-11,11:24:54,SRM,66mrYL,web,,jose,cachorro,Interface: Sistema,Inicia estrofe 1,castelo_qr
2023-05-11,11:24:54,SRM,66mrYL,web,,jose,cachorro,Interface: folha desenho,Participante mostrou qr-code 02,SRM_2023_05_11_11h_24m_54s_66mrYL_jose.jpg
2023-05-11,11:24:55,SRM,91jxMC,srm,luva1,Samuel,gato,Interface: srm,luva1,78
2023-05-11,11:24:55,SRM,14obZG,srm,luva1,Samuel,gato,Interface: srm,luva1,78
2023-05-11,11:24:56,SRM,96nsGE,srm,luva2,Patrick,macaco,Interface: srm,luva2,74
2023-05-11,11:24:57,SRM,66mrYL,web,,jose,cachorro,Interface: camera,Sistema escaneou o QR Code de Código 02,castelo_qr
2023-05-11,11:24:57,SRM,66mrYL,web,,jose,cachorro,Interface: Sistema,Votação para a estrofe 1,castelo_qr
2023-05-11,11:24:57,SRM,66mrYL,web,,jose,cachorro,Interface: folha desenho,Participante mostrou qr-code 02,SRM_2023_05_11_11h_24m_57s_66mrYL_jose.jpg
2023-05-11,11:24:59,SRM,91jxMC,srm,luva1,Samuel,gato,Interface: srm,luva1,81
2023-05-11,11:24:59,SRM,14obZG,srm,luva1,Samuel,gato,Interface: srm,luva1,81
2023-05-11,11:25:00,SRM,96nsGE,srm,luva2,Patrick,macaco,Interface: srm,luva2,64
2023-05-11,11:25:01,SRM,66mrYL,web,,jose,cachorro,Interface: camera,Sistema escaneou o QR Code de Código 02,castelo_qr
2023-05-11,11:25:01,SRM,66mrYL,web,,jose,cachorro,Interface: Sistema,Votação para a estrofe 1,castelo_qr
2023-05-11,11:25:01,SRM,66mrYL,web,,jose,cachorro,Interface: folha desenho,Participante mostrou qr-code 02,SRM_2023_05_11_11h_25m_01s_66mrYL_jose.jpg
2023-05-11,11:25:01,SRM,64biGO,web,,joao pedro,lobo,Interface: camera,Sistema escaneou o QR Code de Código 01,sol
2023-05-11,11:25:01,SRM,64biGO,web,,joao pedro,lobo,Interface: Sistema,Estrofe 1 em andamento. Enviar avatar,sol
2023-05-11,11:25:01,SRM,64biGO,web,,joao pedro,lobo,Interface: folha desenho,Participante mostrou qr-code 01,SRM_2023_05_11_11h_25m_01s_64biGO_joao pedro.jpg
2023-05-11,11:25:02,SRM,38igWL,web,,Rafela e Augusto,urso,Interface: folha desenho,Participante Rafela e Augusto tirou uma foto,SRM_2023_05_11_11h_25m_02s_38igWL_Rafela e Augusto.jpg
2023-05-11,11:25:03,SRM,91jxMC,srm,luva1,Samuel,gato,Interface: srm,luva1,79
2023-05-11,11:25:03,SRM,14obZG,srm,luva1,Samuel,gato,Interface: srm,luva1,79
2023-05-11,11:25:05,SRM,64biGO,web,,joao pedro,lobo,Interface: camera,Sistema escaneou o QR Code de Código 01,sol
2023-05-11,11:25:05,SRM,64biGO,web,,joao pedro,lobo,Interface: Sistema,Votação para a estrofe 1,sol
2023-05-11,11:25:05,SRM,64biGO,web,,joao pedro,lobo,Interface: folha desenho,Participante mostrou qr-code 01,SRM_2023_05_11_11h_25m_05s_64biGO_joao pedro.jpg
2023-05-11,11:25:07,SRM,91jxMC,srm,luva1,Samuel,gato,Interface: srm,luva1,81
2023-05-11,11:25:07,SRM,14obZG,srm,luva1,Samuel,gato,Interface: srm,luva1,81
2023-05-11,11:25:07,SRM,38igWL,web,,Rafela e Augusto,urso,Interface: camera,Sistema escaneou o QR Code de Código 82,feliz
2023-05-11,11:25:07,SRM,38igWL,web,,Rafela e Augusto,urso,Interface: Sistema,Sistema mostrou emoção e enviou para o Físico82,feliz
2023-05-11,11:25:07,SRM,38igWL,web,,Rafela e Augusto,urso,Interface: folha desenho,Participante mostrou qr-code 82,SRM_2023_05_11_11h_25m_07s_38igWL_Rafela e Augusto.jpg
2023-05-11,11:25:08,SRM,64biGO,web,,joao pedro,lobo,Interface: camera,Sistema escaneou o QR Code de Código 01,sol
2023-05-11,11:25:08,SRM,64biGO,web,,joao pedro,lobo,Interface: Sistema,Votação para a estrofe 1,sol
2023-05-11,11:25:08,SRM,64biGO,web,,joao pedro,lobo,Interface: folha desenho,Participante mostrou qr-code 01,SRM_2023_05_11_11h_25m_08s_64biGO_joao pedro.jpg
2023-05-11,11:25:11,SRM,91jxMC,srm,luva1,Samuel,gato,Interface: srm,luva1,84
2023-05-11,11:25:11,SRM,14obZG,srm,luva1,Samuel,gato,Interface: srm,luva1,84
2023-05-11,11:25:12,SRM,64biGO,web,,joao pedro,lobo,Interface: camera,Sistema escaneou o QR Code de Código 01,sol
2023-05-11,11:25:12,SRM,64biGO,web,,joao pedro,lobo,Interface: Sistema,Votação para a estrofe 1,sol
2023-05-11,11:25:12,SRM,64biGO,web,,joao pedro,lobo,Interface: folha desenho,Participante mostrou qr-code 01,SRM_2023_05_11_11h_25m_12s_64biGO_joao pedro.jpg
2023-05-11,11:25:13,SRM,66mrYL,web,,jose,cachorro,Interface: camera,Sistema escaneou o QR Code de Código 02,castelo_qr
2023-05-11,11:25:13,SRM,66mrYL,web,,jose,cachorro,Interface: Sistema,Votação para a estrofe 1,castelo_qr
2023-05-11,11:25:13,SRM,66mrYL,web,,jose,cachorro,Interface: folha desenho,Participante mostrou qr-code 02,SRM_2023_05_11_11h_25m_13s_66mrYL_jose.jpg
2023-05-11,11:25:15,SRM,91jxMC,srm,luva1,Samuel,gato,Interface: srm,luva1,106
2023-05-11,11:25:15,SRM,14obZG,srm,luva1,Samuel,gato,Interface: srm,luva1,106
2023-05-11,11:25:15,SRM,64biGO,web,,joao pedro,lobo,Interface: camera,Sistema escaneou o QR Code de Código 01,sol
2023-05-11,11:25:15,SRM,64biGO,web,,joao pedro,lobo,Interface: Sistema,Votação para a estrofe 1,sol
2023-05-11,11:25:15,SRM,64biGO,web,,joao pedro,lobo,Interface: folha desenho,Participante mostrou qr-code 01,SRM_2023_05_11_11h_25m_15s_64biGO_joao pedro.jpg
2023-05-11,11:25:16,SRM,96nsGE,srm,luva2,Patrick,macaco,Interface: camera,Sistema escaneou o QR Code de Código 01,sol
2023-05-11,11:25:16,SRM,96nsGE,srm,luva2,Patrick,macaco,Interface: Sistema,Estrofe 1 em andamento. Enviar avatar,sol
2023-05-11,11:25:16,SRM,96nsGE,srm,luva2,Patrick,macaco,Interface: folha desenho,Participante mostrou qr-code 01,SRM_2023_05_11_11h_25m_16s_96nsGE_Patrick.jpg
2023-05-11,11:25:19,SRM,91jxMC,srm,luva1,Samuel,gato,Interface: srm,luva1,106
2023-05-11,11:25:19,SRM,14obZG,srm,luva1,Samuel,gato,Interface: srm,luva1,106
2023-05-11,11:25:19,SRM,64biGO,web,,joao pedro,lobo,Interface: camera,Sistema escaneou o QR Code de Código 01,sol
2023-05-11,11:25:19,SRM,64biGO,web,,joao pedro,lobo,Interface: Sistema,Votação para a estrofe 1,sol
2023-05-11,11:25:19,SRM,64biGO,web,,joao pedro,lobo,Interface: folha desenho,Participante mostrou qr-code 01,SRM_2023_05_11_11h_25m_19s_64biGO_joao pedro.jpg
2023-05-11,11:25:23,SRM,91jxMC,srm,luva1,Samuel,gato,Interface: srm,luva1,98
2023-05-11,11:25:23,SRM,14obZG,srm,luva1,Samuel,gato,Interface: srm,luva1,98
2023-05-11,11:25:23,SRM,38igWL,web,,Rafela e Augusto,urso,Interface: folha desenho,Participante Rafela e Augusto tirou uma foto,SRM_2023_05_11_11h_25m_23s_38igWL_Rafela e Augusto.jpg
2023-05-11,11:25:23,SRM,64biGO,web,,joao pedro,lobo,Interface: camera,Sistema escaneou o QR Code de Código 01,sol
2023-05-11,11:25:23,SRM,64biGO,web,,joao pedro,lobo,Interface: Sistema,Votação para a estrofe 1,sol
2023-05-11,11:25:23,SRM,64biGO,web,,joao pedro,lobo,Interface: folha desenho,Participante mostrou qr-code 01,SRM_2023_05_11_11h_25m_23s_64biGO_joao pedro.jpg
2023-05-11,11:25:27,SRM,91jxMC,srm,luva1,Samuel,gato,Interface: srm,luva1,85
2023-05-11,11:25:27,SRM,14obZG,srm,luva1,Samuel,gato,Interface: srm,luva1,85
2023-05-11,11:25:28,SRM,64biGO,web,,joao pedro,lobo,Interface: camera,Sistema escaneou o QR Code de Código 01,sol
2023-05-11,11:25:28,SRM,64biGO,web,,joao pedro,lobo,Interface: Sistema,Inicia estrofe 1,sol
2023-05-11,11:25:28,SRM,64biGO,web,,joao pedro,lobo,Interface: folha desenho,Participante mostrou qr-code 01,SRM_2023_05_11_11h_25m_28s_64biGO_joao pedro.jpg
2023-05-11,11:25:29,SRM,66mrYL,web,,jose,cachorro,Interface: camera,Sistema escaneou o QR Code de Código 01,sol
2023-05-11,11:25:29,SRM,66mrYL,web,,jose,cachorro,Interface: Sistema,Estrofe 1 em andamento. Enviar avatar,sol
2023-05-11,11:25:29,SRM,66mrYL,web,,jose,cachorro,Interface: folha desenho,Participante mostrou qr-code 01,SRM_2023_05_11_11h_25m_29s_66mrYL_jose.jpg
2023-05-11,11:25:30,SRM,91jxMC,srm,luva1,Samuel,gato,Interface: camera,Sistema escaneou o QR Code de Código 04,passaro
2023-05-11,11:25:30,SRM,91jxMC,srm,luva1,Samuel,gato,Interface: Sistema,Votação para a estrofe 2,passaro
2023-05-11,11:25:30,SRM,91jxMC,srm,luva1,Samuel,gato,Interface: folha desenho,Participante mostrou qr-code 04,SRM_2023_05_11_11h_25m_30s_91jxMC_Samuel.jpg
2023-05-11,11:25:31,SRM,91jxMC,srm,luva1,Samuel,gato,Interface: srm,luva1,65
2023-05-11,11:25:31,SRM,14obZG,srm,luva1,Samuel,gato,Interface: srm,luva1,65
2023-05-11,11:25:31,SRM,66mrYL,web,,jose,cachorro,Interface: camera,Sistema escaneou o QR Code de Código 01,sol
2023-05-11,11:25:31,SRM,66mrYL,web,,jose,cachorro,Interface: Sistema,Votação para a estrofe 1,sol
2023-05-11,11:25:31,SRM,66mrYL,web,,jose,cachorro,Interface: folha desenho,Participante mostrou qr-code 01,SRM_2023_05_11_11h_25m_31s_66mrYL_jose.jpg
2023-05-11,11:25:32,SRM,64biGO,web,,joao pedro,lobo,Interface: camera,Sistema escaneou o QR Code de Código 01,sol
2023-05-11,11:25:32,SRM,64biGO,web,,joao pedro,lobo,Interface: Sistema,Votação para a estrofe 1,sol
2023-05-11,11:25:32,SRM,64biGO,web,,joao pedro,lobo,Interface: folha desenho,Participante mostrou qr-code 01,SRM_2023_05_11_11h_25m_32s_64biGO_joao pedro.jpg
2023-05-11,11:25:35,SRM,66mrYL,web,,jose,cachorro,Interface: camera,Sistema escaneou o QR Code de Código 01,sol
2023-05-11,11:25:35,SRM,66mrYL,web,,jose,cachorro,Interface: Sistema,Votação para a estrofe 1,sol
2023-05-11,11:25:35,SRM,66mrYL,web,,jose,cachorro,Interface: folha desenho,Participante mostrou qr-code 01,SRM_2023_05_11_11h_25m_35s_66mrYL_jose.jpg
2023-05-11,11:25:37,SRM,96nsGE,srm,luva2,Patrick,macaco,Interface: srm,luva2,63
2023-05-11,11:25:37,SRM,64biGO,web,,joao pedro,lobo,Interface: camera,Sistema escaneou o QR Code de Código 01,sol
2023-05-11,11:25:37,SRM,64biGO,web,,joao pedro,lobo,Interface: Sistema,Votação para a estrofe 1,sol
2023-05-11,11:25:37,SRM,64biGO,web,,joao pedro,lobo,Interface: folha desenho,Participante mostrou qr-code 01,SRM_2023_05_11_11h_25m_37s_64biGO_joao pedro.jpg
2023-05-11,11:25:37,SRM,96nsGE,srm,luva2,Patrick,macaco,Interface: camera,Sistema escaneou o QR Code de Código 82,feliz
2023-05-11,11:25:37,SRM,96nsGE,srm,luva2,Patrick,macaco,Interface: Sistema,Sistema mostrou emoção e enviou para o Físico82,feliz
2023-05-11,11:25:37,SRM,96nsGE,srm,luva2,Patrick,macaco,Interface: folha desenho,Participante mostrou qr-code 82,SRM_2023_05_11_11h_25m_37s_96nsGE_Patrick.jpg
2023-05-11,11:25:40,SRM,38igWL,web,,Rafela e Augusto,urso,Interface: camera,Sistema escaneou o QR Code de Código 02,castelo_qr
2023-05-11,11:25:40,SRM,38igWL,web,,Rafela e Augusto,urso,Interface: Sistema,Estrofe 1 em andamento. Enviar avatar,castelo_qr
2023-05-11,11:25:40,SRM,38igWL,web,,Rafela e Augusto,urso,Interface: folha desenho,Participante mostrou qr-code 02,SRM_2023_05_11_11h_25m_40s_38igWL_Rafela e Augusto.jpg
2023-05-11,11:25:41,SRM,66mrYL,web,,jose,cachorro,Interface: camera,Sistema escaneou o QR Code de Código 01,sol
2023-05-11,11:25:41,SRM,66mrYL,web,,jose,cachorro,Interface: Sistema,Votação para a estrofe 1,sol
2023-05-11,11:25:41,SRM,66mrYL,web,,jose,cachorro,Interface: folha desenho,Participante mostrou qr-code 01,SRM_2023_05_11_11h_25m_41s_66mrYL_jose.jpg
2023-05-11,11:25:41,SRM,96nsGE,srm,luva2,Patrick,macaco,Interface: srm,luva2,63
2023-05-11,11:25:44,SRM,66mrYL,web,,jose,cachorro,Interface: camera,Sistema escaneou o QR Code de Código 01,sol
2023-05-11,11:25:44,SRM,66mrYL,web,,jose,cachorro,Interface: Sistema,Votação para a estrofe 1,sol
2023-05-11,11:25:44,SRM,66mrYL,web,,jose,cachorro,Interface: folha desenho,Participante mostrou qr-code 01,SRM_2023_05_11_11h_25m_44s_66mrYL_jose.jpg
2023-05-11,11:25:45,SRM,91jxMC,srm,luva1,Samuel,gato,Interface: srm,luva1,65
2023-05-11,11:25:45,SRM,14obZG,srm,luva1,Samuel,gato,Interface: srm,luva1,65
2023-05-11,11:25:47,SRM,64biGO,web,,joao pedro,lobo,Interface: camera,Sistema escaneou o QR Code de Código 01,sol
2023-05-11,11:25:47,SRM,64biGO,web,,joao pedro,lobo,Interface: Sistema,Votação para a estrofe 1,sol
2023-05-11,11:25:47,SRM,64biGO,web,,joao pedro,lobo,Interface: folha desenho,Participante mostrou qr-code 01,SRM_2023_05_11_11h_25m_47s_64biGO_joao pedro.jpg
2023-05-11,11:25:47,SRM,66mrYL,web,,jose,cachorro,Interface: camera,Sistema escaneou o QR Code de Código 01,sol
2023-05-11,11:25:48,SRM,66mrYL,web,,jose,cachorro,Interface: Sistema,Votação para a estrofe 1,sol
2023-05-11,11:25:48,SRM,66mrYL,web,,jose,cachorro,Interface: folha desenho,Participante mostrou qr-code 01,SRM_2023_05_11_11h_25m_48s_66mrYL_jose.jpg
2023-05-11,11:25:49,SRM,91jxMC,srm,luva1,Samuel,gato,Interface: srm,luva1,84
2023-05-11,11:25:49,SRM,14obZG,srm,luva1,Samuel,gato,Interface: srm,luva1,84
2023-05-11,11:25:49,SRM,91jxMC,srm,luva1,Samuel,gato,Interface: folha desenho,Participante Samuel tirou uma foto,SRM_2023_05_11_11h_25m_49s_91jxMC_Samuel.jpg
2023-05-11,11:25:51,SRM,66mrYL,web,,jose,cachorro,Interface: camera,Sistema escaneou o QR Code de Código 01,sol
2023-05-11,11:25:51,SRM,66mrYL,web,,jose,cachorro,Interface: Sistema,Votação para a estrofe 1,sol
2023-05-11,11:25:51,SRM,66mrYL,web,,jose,cachorro,Interface: folha desenho,Participante mostrou qr-code 01,SRM_2023_05_11_11h_25m_51s_66mrYL_jose.jpg
2023-05-11,11:25:53,SRM,91jxMC,srm,luva1,Samuel,gato,Interface: srm,luva1,76
2023-05-11,11:25:53,SRM,14obZG,srm,luva1,Samuel,gato,Interface: srm,luva1,76
2023-05-11,11:25:57,SRM,66mrYL,web,,jose,cachorro,Interface: camera,Sistema escaneou o QR Code de Código 01,sol
2023-05-11,11:25:57,SRM,66mrYL,web,,jose,cachorro,Interface: Sistema,Votação para a estrofe 1,sol
2023-05-11,11:25:57,SRM,66mrYL,web,,jose,cachorro,Interface: folha desenho,Participante mostrou qr-code 01,SRM_2023_05_11_11h_25m_57s_66mrYL_jose.jpg
2023-05-11,11:25:58,SRM,14obZG,srm,luva1,Samuel,gato,Interface: Sistema,Inicia estrofe 2,passaro
2023-05-11,11:25:59,SRM,91jxMC,srm,luva1,Samuel,gato,Interface: srm,luva1,72
2023-05-11,11:25:59,SRM,14obZG,srm,luva1,Samuel,gato,Interface: srm,luva1,72
2023-05-11,11:26:00,SRM,38igWL,web,,Rafela e Augusto,urso,Interface: camera,Sistema escaneou o QR Code de Código 04,passaro
2023-05-11,11:26:00,SRM,38igWL,web,,Rafela e Augusto,urso,Interface: Sistema,Estrofe 2 em andamento. Enviar avatar,passaro
2023-05-11,11:26:00,SRM,38igWL,web,,Rafela e Augusto,urso,Interface: folha desenho,Participante mostrou qr-code 04,SRM_2023_05_11_11h_26m_00s_38igWL_Rafela e Augusto.jpg
2023-05-11,11:26:03,SRM,91jxMC,srm,luva1,Samuel,gato,Interface: srm,luva1,71
2023-05-11,11:26:03,SRM,14obZG,srm,luva1,Samuel,gato,Interface: srm,luva1,71
2023-05-11,11:26:03,SRM,66mrYL,web,,jose,cachorro,Interface: camera,Sistema escaneou o QR Code de Código 01,sol
2023-05-11,11:26:03,SRM,66mrYL,web,,jose,cachorro,Interface: Sistema,Votação para a estrofe 1,sol
2023-05-11,11:26:03,SRM,66mrYL,web,,jose,cachorro,Interface: folha desenho,Participante mostrou qr-code 01,SRM_2023_05_11_11h_26m_03s_66mrYL_jose.jpg
2023-05-11,11:26:05,SRM,64biGO,web,,joao pedro,lobo,Interface: camera,Sistema escaneou o QR Code de Código 03,tinta
2023-05-11,11:26:05,SRM,64biGO,web,,joao pedro,lobo,Interface: Sistema,Estrofe 2 em andamento. Enviar avatar,tinta
2023-05-11,11:26:05,SRM,64biGO,web,,joao pedro,lobo,Interface: folha desenho,Participante mostrou qr-code 03,SRM_2023_05_11_11h_26m_05s_64biGO_joao pedro.jpg
2023-05-11,11:26:06,SRM,91jxMC,srm,luva1,Samuel,gato,Interface: camera,Sistema escaneou o QR Code de Código 86,calmo
2023-05-11,11:26:06,SRM,91jxMC,srm,luva1,Samuel,gato,Interface: Sistema,Sistema mostrou emoção e enviou para o Físico86,calmo
2023-05-11,11:26:06,SRM,91jxMC,srm,luva1,Samuel,gato,Interface: folha desenho,Participante mostrou qr-code 86,SRM_2023_05_11_11h_26m_06s_91jxMC_Samuel.jpg
2023-05-11,11:26:07,SRM,91jxMC,srm,luva1,Samuel,gato,Interface: srm,luva1,101
2023-05-11,11:26:07,SRM,14obZG,srm,luva1,Samuel,gato,Interface: srm,luva1,101
2023-05-11,11:26:11,SRM,91jxMC,srm,luva1,Samuel,gato,Interface: srm,luva1,83
2023-05-11,11:26:11,SRM,14obZG,srm,luva1,Samuel,gato,Interface: srm,luva1,83
2023-05-11,11:26:11,SRM,91jxMC,srm,luva1,Samuel,gato,Interface: camera,Sistema escaneou o QR Code de Código 86,calmo
2023-05-11,11:26:11,SRM,91jxMC,srm,luva1,Samuel,gato,Interface: Sistema,Sistema mostrou emoção e enviou para o Físico86,calmo
2023-05-11,11:26:12,SRM,91jxMC,srm,luva1,Samuel,gato,Interface: folha desenho,Participante mostrou qr-code 86,SRM_2023_05_11_11h_26m_12s_91jxMC_Samuel.jpg
2023-05-11,11:26:17,SRM,66mrYL,web,,jose,cachorro,Interface: camera,Sistema escaneou o QR Code de Código 03,tinta
2023-05-11,11:26:17,SRM,66mrYL,web,,jose,cachorro,Interface: Sistema,Estrofe 2 em andamento. Enviar avatar,tinta
2023-05-11,11:26:17,SRM,66mrYL,web,,jose,cachorro,Interface: folha desenho,Participante mostrou qr-code 03,SRM_2023_05_11_11h_26m_17s_66mrYL_jose.jpg
2023-05-11,11:26:18,SRM,91jxMC,srm,luva1,Samuel,gato,Interface: srm,luva1,66
2023-05-11,11:26:18,SRM,14obZG,srm,luva1,Samuel,gato,Interface: srm,luva1,66
2023-05-11,11:26:20,SRM,96nsGE,srm,luva2,Patrick,macaco,Interface: srm,luva2,66
2023-05-11,11:26:20,SRM,66mrYL,web,,jose,cachorro,Interface: camera,Sistema escaneou o QR Code de Código 03,tinta
2023-05-11,11:26:20,SRM,66mrYL,web,,jose,cachorro,Interface: Sistema,Votação para a estrofe 2,tinta
2023-05-11,11:26:20,SRM,66mrYL,web,,jose,cachorro,Interface: folha desenho,Participante mostrou qr-code 03,SRM_2023_05_11_11h_26m_20s_66mrYL_jose.jpg
2023-05-11,11:26:22,SRM,91jxMC,srm,luva1,Samuel,gato,Interface: srm,luva1,81
2023-05-11,11:26:22,SRM,14obZG,srm,luva1,Samuel,gato,Interface: srm,luva1,81
2023-05-11,11:26:24,SRM,96nsGE,srm,luva2,Patrick,macaco,Interface: srm,luva2,90
2023-05-11,11:26:26,SRM,0,web,None,admin,,Interface: Tela admin,A oficina será encerrada após o fim da estrofe 2,
2023-05-11,11:26:27,SRM,91jxMC,srm,luva1,Samuel,gato,Interface: srm,luva1,69
2023-05-11,11:26:27,SRM,14obZG,srm,luva1,Samuel,gato,Interface: srm,luva1,69
2023-05-11,11:26:28,SRM,14obZG,srm,luva1,Samuel,gato,Interface: socket.io,saiu da sala ou perdeu conexao,
2023-05-11,11:26:28,SRM,96nsGE,srm,luva2,Patrick,macaco,Interface: srm,luva2,90
2023-05-11,11:26:28,SRM,0,web,None,admin,,Interface: Tela admim,Encerramento da oficina,
2023-05-11,11:26:30,SRM,64biGO,web,,joao pedro,lobo,Interface: camera,Sistema escaneou o QR Code de Código 05,barco
2023-05-11,11:26:30,SRM,64biGO,web,,joao pedro,lobo,Interface: Sistema,Oficina encerrada! Sistema não mostra nada para o qr-code 05,barco
2023-05-11,11:26:31,SRM,64biGO,web,,joao pedro,lobo,Interface: folha desenho,Participante mostrou qr-code 05,SRM_2023_05_11_11h_26m_31s_64biGO_joao pedro.jpg
2023-05-11,11:26:31,SRM,91jxMC,srm,luva1,Samuel,gato,Interface: srm,luva1,84
2023-05-11,11:26:31,SRM,0,web,None,admin,,Interface: Tela admim,Encerramento da oficina,
2023-05-11,11:26:31,SRM,14obZG,srm,luva1,Samuel,gato,Interface: socket.io,entrou na sala - Registrou participante no socket.io,
2023-05-11,11:26:32,SRM,96nsGE,srm,luva2,Patrick,macaco,Interface: srm,luva2,75
2023-05-11,11:26:35,SRM,91jxMC,srm,luva1,Samuel,gato,Interface: srm,luva1,86
2023-05-11,11:26:35,SRM,14obZG,srm,luva1,Samuel,gato,Interface: srm,luva1,86
2023-05-11,11:26:36,SRM,96nsGE,srm,luva2,Patrick,macaco,Interface: srm,luva2,85
2023-05-11,11:26:39,SRM,91jxMC,srm,luva1,Samuel,gato,Interface: srm,luva1,79
2023-05-11,11:26:39,SRM,14obZG,srm,luva1,Samuel,gato,Interface: srm,luva1,79
2023-05-11,11:26:40,SRM,96nsGE,srm,luva2,Patrick,macaco,Interface: srm,luva2,81
2023-05-11,11:26:43,SRM,91jxMC,srm,luva1,Samuel,gato,Interface: srm,luva1,65
2023-05-11,11:26:43,SRM,14obZG,srm,luva1,Samuel,gato,Interface: srm,luva1,65
2023-05-11,11:26:44,SRM,96nsGE,srm,luva2,Patrick,macaco,Interface: srm,luva2,93
2023-05-11,11:26:47,SRM,91jxMC,srm,luva1,Samuel,gato,Interface: srm,luva1,63
2023-05-11,11:26:47,SRM,14obZG,srm,luva1,Samuel,gato,Interface: srm,luva1,63
2023-05-11,11:26:48,SRM,96nsGE,srm,luva2,Patrick,macaco,Interface: srm,luva2,93
2023-05-11,11:26:51,SRM,91jxMC,srm,luva1,Samuel,gato,Interface: srm,luva1,84
2023-05-11,11:26:51,SRM,14obZG,srm,luva1,Samuel,gato,Interface: srm,luva1,84
2023-05-11,11:26:52,SRM,96nsGE,srm,luva2,Patrick,macaco,Interface: srm,luva2,73
2023-05-11,11:26:56,SRM,96nsGE,srm,luva2,Patrick,macaco,Interface: srm,luva2,99
2023-05-11,11:27:00,SRM,96nsGE,srm,luva2,Patrick,macaco,Interface: srm,luva2,109
2023-05-11,11:27:04,SRM,96nsGE,srm,luva2,Patrick,macaco,Interface: srm,luva2,98
2023-05-11,11:27:08,SRM,96nsGE,srm,luva2,Patrick,macaco,Interface: srm,luva2,82
2023-05-11,11:27:12,SRM,96nsGE,srm,luva2,Patrick,macaco,Interface: srm,luva2,81
2023-05-11,11:27:13,SRM,91jxMC,srm,luva1,Samuel,gato,Interface: srm,luva1,67
2023-05-11,11:27:13,SRM,14obZG,srm,luva1,Samuel,gato,Interface: srm,luva1,67
2023-05-11,11:27:16,SRM,96nsGE,srm,luva2,Patrick,macaco,Interface: srm,luva2,84
2023-05-11,11:27:17,SRM,91jxMC,srm,luva1,Samuel,gato,Interface: srm,luva1,84
2023-05-11,11:27:17,SRM,14obZG,srm,luva1,Samuel,gato,Interface: srm,luva1,84
2023-05-11,11:27:20,SRM,96nsGE,srm,luva2,Patrick,macaco,Interface: srm,luva2,90
2023-05-11,11:27:21,SRM,91jxMC,srm,luva1,Samuel,gato,Interface: srm,luva1,79
2023-05-11,11:27:21,SRM,14obZG,srm,luva1,Samuel,gato,Interface: srm,luva1,79
2023-05-11,11:27:24,SRM,96nsGE,srm,luva2,Patrick,macaco,Interface: srm,luva2,90
2023-05-11,11:27:25,SRM,91jxMC,srm,luva1,Samuel,gato,Interface: srm,luva1,106
2023-05-11,11:27:25,SRM,14obZG,srm,luva1,Samuel,gato,Interface: srm,luva1,106
2023-05-11,11:27:28,SRM,96nsGE,srm,luva2,Patrick,macaco,Interface: srm,luva2,91
2023-05-11,11:27:29,SRM,91jxMC,srm,luva1,Samuel,gato,Interface: srm,luva1,100
2023-05-11,11:27:29,SRM,14obZG,srm,luva1,Samuel,gato,Interface: srm,luva1,100
2023-05-11,11:27:32,SRM,96nsGE,srm,luva2,Patrick,macaco,Interface: srm,luva2,90
2023-05-11,11:27:33,SRM,91jxMC,srm,luva1,Samuel,gato,Interface: srm,luva1,85
2023-05-11,11:27:33,SRM,14obZG,srm,luva1,Samuel,gato,Interface: srm,luva1,85
2023-05-11,11:27:34,SRM,64biGO,web,,joao pedro,lobo,Interface: folha desenho,Participante joao pedro tirou uma foto,SRM_2023_05_11_11h_27m_34s_64biGO_joao pedro.jpg
2023-05-11,11:27:36,SRM,96nsGE,srm,luva2,Patrick,macaco,Interface: srm,luva2,70
2023-05-11,11:27:41,SRM,96nsGE,srm,luva2,Patrick,macaco,Interface: srm,luva2,81
2023-05-11,11:27:42,SRM,91jxMC,srm,luva1,Samuel,gato,Interface: socket.io,saiu da sala ou perdeu conexao,
2023-05-11,11:27:42,SRM,14obZG,srm,luva1,Samuel,gato,Interface: srm,luva1,72
2023-05-11,11:27:45,SRM,96nsGE,srm,luva2,Patrick,macaco,Interface: srm,luva2,92
2023-05-11,11:27:46,SRM,14obZG,srm,luva1,Samuel,gato,Interface: srm,luva1,61
2023-05-11,11:27:49,SRM,96nsGE,srm,luva2,Patrick,macaco,Interface: srm,luva2,87
2023-05-11,11:27:52,SRM,14obZG,srm,luva1,Samuel,gato,Interface: srm,luva1,65
2023-05-11,11:27:53,SRM,96nsGE,srm,luva2,Patrick,macaco,Interface: srm,luva2,85
2023-05-11,11:27:53,SRM,64biGO,web,,joao pedro,lobo,Interface: folha desenho,Participante joao pedro tirou uma foto,SRM_2023_05_11_11h_27m_53s_64biGO_joao pedro.jpg
2023-05-11,11:27:57,SRM,96nsGE,srm,luva2,Patrick,macaco,Interface: srm,luva2,88
2023-05-11,11:28:01,SRM,96nsGE,srm,luva2,Patrick,macaco,Interface: srm,luva2,84
2023-05-11,11:28:03,SRM,64biGO,web,,joao pedro,lobo,Interface: folha desenho,Participante joao pedro tirou uma foto,SRM_2023_05_11_11h_28m_03s_64biGO_joao pedro.jpg
2023-05-11,11:28:05,SRM,96nsGE,srm,luva2,Patrick,macaco,Interface: srm,luva2,91
2023-05-11,11:28:08,SRM,64biGO,web,,joao pedro,lobo,Interface: folha desenho,Participante joao pedro tirou uma foto,SRM_2023_05_11_11h_28m_08s_64biGO_joao pedro.jpg
2023-05-11,11:28:09,SRM,96nsGE,srm,luva2,Patrick,macaco,Interface: srm,luva2,102
2023-05-11,11:28:09,SRM,14obZG,srm,luva1,Samuel,gato,Interface: srm,luva1,73
2023-05-11,11:28:13,SRM,96nsGE,srm,luva2,Patrick,macaco,Interface: srm,luva2,78
2023-05-11,11:28:14,SRM,14obZG,srm,luva1,Samuel,gato,Interface: srm,luva1,119
2023-05-11,11:28:16,SRM,64biGO,web,,joao pedro,lobo,Interface: folha desenho,Participante joao pedro tirou uma foto,SRM_2023_05_11_11h_28m_16s_64biGO_joao pedro.jpg
2023-05-11,11:28:17,SRM,96nsGE,srm,luva2,Patrick,macaco,Interface: srm,luva2,86
2023-05-11,11:28:18,SRM,14obZG,srm,luva1,Samuel,gato,Interface: srm,luva1,148
2023-05-11,11:28:21,SRM,96nsGE,srm,luva2,Patrick,macaco,Interface: srm,luva2,81
2023-05-11,11:28:22,SRM,14obZG,srm,luva1,Samuel,gato,Interface: srm,luva1,82
2023-05-11,11:28:25,SRM,96nsGE,srm,luva2,Patrick,macaco,Interface: srm,luva2,82
2023-05-11,11:28:26,SRM,14obZG,srm,luva1,Samuel,gato,Interface: srm,luva1,68
2023-05-11,11:28:28,SRM,64biGO,web,,joao pedro,lobo,Interface: folha desenho,Participante joao pedro tirou uma foto,SRM_2023_05_11_11h_28m_28s_64biGO_joao pedro.jpg
2023-05-11,11:28:29,SRM,96nsGE,srm,luva2,Patrick,macaco,Interface: srm,luva2,85
2023-05-11,11:28:30,SRM,14obZG,srm,luva1,Samuel,gato,Interface: socket.io,saiu da sala ou perdeu conexao,
2023-05-11,11:28:33,SRM,96nsGE,srm,luva2,Patrick,macaco,Interface: srm,luva2,84
2023-05-11,11:28:33,SRM,64biGO,web,,joao pedro,lobo,Interface: folha desenho,Participante joao pedro tirou uma foto,SRM_2023_05_11_11h_28m_33s_64biGO_joao pedro.jpg
2023-05-11,11:28:37,SRM,96nsGE,srm,luva2,Patrick,macaco,Interface: srm,luva2,75
2023-05-11,11:28:41,SRM,96nsGE,srm,luva2,Patrick,macaco,Interface: srm,luva2,84
2023-05-11,11:28:45,SRM,96nsGE,srm,luva2,Patrick,macaco,Interface: srm,luva2,104
2023-05-11,11:28:49,SRM,96nsGE,srm,luva2,Patrick,macaco,Interface: srm,luva2,106
2023-05-11,11:28:53,SRM,96nsGE,srm,luva2,Patrick,macaco,Interface: srm,luva2,80
2023-05-11,11:28:57,SRM,96nsGE,srm,luva2,Patrick,macaco,Interface: srm,luva2,99
2023-05-11,11:29:01,SRM,96nsGE,srm,luva2,Patrick,macaco,Interface: srm,luva2,89
2023-05-11,11:29:05,SRM,96nsGE,srm,luva2,Patrick,macaco,Interface: srm,luva2,106
2023-05-11,11:29:09,SRM,96nsGE,srm,luva2,Patrick,macaco,Interface: srm,luva2,63
2023-05-11,11:29:13,SRM,96nsGE,srm,luva2,Patrick,macaco,Interface: srm,luva2,76
2023-05-11,11:29:17,SRM,96nsGE,srm,luva2,Patrick,macaco,Interface: srm,luva2,80
2023-05-11,11:29:21,SRM,96nsGE,srm,luva2,Patrick,macaco,Interface: srm,luva2,96
2023-05-11,11:29:25,SRM,96nsGE,srm,luva2,Patrick,macaco,Interface: srm,luva2,85
2023-05-11,11:29:29,SRM,96nsGE,srm,luva2,Patrick,macaco,Interface: srm,luva2,93
2023-05-11,11:29:33,SRM,96nsGE,srm,luva2,Patrick,macaco,Interface: srm,luva2,76
2023-05-11,11:29:37,SRM,96nsGE,srm,luva2,Patrick,macaco,Interface: srm,luva2,91
2023-05-11,11:29:41,SRM,96nsGE,srm,luva2,Patrick,macaco,Interface: srm,luva2,87
2023-05-11,11:29:45,SRM,96nsGE,srm,luva2,Patrick,macaco,Interface: srm,luva2,77
2023-05-11,11:29:49,SRM,96nsGE,srm,luva2,Patrick,macaco,Interface: srm,luva2,74
2023-05-11,11:29:53,SRM,96nsGE,srm,luva2,Patrick,macaco,Interface: srm,luva2,78
2023-05-11,11:29:57,SRM,96nsGE,srm,luva2,Patrick,macaco,Interface: srm,luva2,75
2023-05-11,11:30:01,SRM,96nsGE,srm,luva2,Patrick,macaco,Interface: srm,luva2,84
2023-05-11,11:30:06,SRM,96nsGE,srm,luva2,Patrick,macaco,Interface: srm,luva2,84
2023-05-11,11:30:10,SRM,96nsGE,srm,luva2,Patrick,macaco,Interface: srm,luva2,70
2023-05-11,11:30:14,SRM,96nsGE,srm,luva2,Patrick,macaco,Interface: srm,luva2,79
2023-05-11,11:30:18,SRM,96nsGE,srm,luva2,Patrick,macaco,Interface: srm,luva2,84
2023-05-11,11:30:22,SRM,96nsGE,srm,luva2,Patrick,macaco,Interface: srm,luva2,81
2023-05-11,11:30:26,SRM,96nsGE,srm,luva2,Patrick,macaco,Interface: srm,luva2,98
2023-05-11,11:30:30,SRM,96nsGE,srm,luva2,Patrick,macaco,Interface: srm,luva2,97
2023-05-11,11:30:34,SRM,96nsGE,srm,luva2,Patrick,macaco,Interface: srm,luva2,97
2023-05-11,11:30:38,SRM,96nsGE,srm,luva2,Patrick,macaco,Interface: srm,luva2,84
2023-05-11,11:30:42,SRM,96nsGE,srm,luva2,Patrick,macaco,Interface: srm,luva2,82
2023-05-11,11:30:44,SRM,64biGO,web,,joao pedro,lobo,Interface: folha desenho,Participante joao pedro tirou uma foto,SRM_2023_05_11_11h_30m_44s_64biGO_joao pedro.jpg
2023-05-11,11:30:46,SRM,96nsGE,srm,luva2,Patrick,macaco,Interface: srm,luva2,92
2023-05-11,11:30:50,SRM,96nsGE,srm,luva2,Patrick,macaco,Interface: srm,luva2,128
2023-05-11,11:30:54,SRM,96nsGE,srm,luva2,Patrick,macaco,Interface: srm,luva2,67
2023-05-11,11:30:58,SRM,96nsGE,srm,luva2,Patrick,macaco,Interface: srm,luva2,80
2023-05-11,11:31:02,SRM,96nsGE,srm,luva2,Patrick,macaco,Interface: srm,luva2,79
2023-05-11,11:31:06,SRM,96nsGE,srm,luva2,Patrick,macaco,Interface: srm,luva2,68
2023-05-11,11:31:07,SRM,64biGO,web,,joao pedro,lobo,Interface: folha desenho,Participante joao pedro tirou uma foto,SRM_2023_05_11_11h_31m_07s_64biGO_joao pedro.jpg
2023-05-11,11:31:10,SRM,96nsGE,srm,luva2,Patrick,macaco,Interface: srm,luva2,77
2023-05-11,11:31:11,SRM,64biGO,web,,joao pedro,lobo,Interface: folha desenho,Participante joao pedro tirou uma foto,SRM_2023_05_11_11h_31m_11s_64biGO_joao pedro.jpg
2023-05-11,11:31:14,SRM,96nsGE,srm,luva2,Patrick,macaco,Interface: srm,luva2,86
2023-05-11,11:31:16,SRM,64biGO,web,,joao pedro,lobo,Interface: folha desenho,Participante joao pedro tirou uma foto,SRM_2023_05_11_11h_31m_16s_64biGO_joao pedro.jpg
2023-05-11,11:31:18,SRM,96nsGE,srm,luva2,Patrick,macaco,Interface: srm,luva2,89
2023-05-11,11:31:22,SRM,96nsGE,srm,luva2,Patrick,macaco,Interface: srm,luva2,77
2023-05-11,11:31:26,SRM,96nsGE,srm,luva2,Patrick,macaco,Interface: srm,luva2,86
2023-05-11,11:31:30,SRM,96nsGE,srm,luva2,Patrick,macaco,Interface: srm,luva2,89
2023-05-11,11:31:33,SRM,34xeTR,web,,p.Emanuel,raposa,Interface: socket.io,saiu da sala ou perdeu conexao,
2023-05-11,11:31:34,SRM,96nsGE,srm,luva2,Patrick,macaco,Interface: srm,luva2,77
2023-05-11,11:31:38,SRM,96nsGE,srm,luva2,Patrick,macaco,Interface: srm,luva2,91
2023-05-11,11:31:42,SRM,96nsGE,srm,luva2,Patrick,macaco,Interface: srm,luva2,87
2023-05-11,11:31:46,SRM,96nsGE,srm,luva2,Patrick,macaco,Interface: srm,luva2,84
2023-05-11,11:31:50,SRM,96nsGE,srm,luva2,Patrick,macaco,Interface: srm,luva2,103
2023-05-11,11:31:54,SRM,96nsGE,srm,luva2,Patrick,macaco,Interface: srm,luva2,111
2023-05-11,11:31:58,SRM,96nsGE,srm,luva2,Patrick,macaco,Interface: srm,luva2,90
2023-05-11,11:32:02,SRM,96nsGE,srm,luva2,Patrick,macaco,Interface: srm,luva2,92
2023-05-11,11:32:06,SRM,96nsGE,srm,luva2,Patrick,macaco,Interface: srm,luva2,73
2023-05-11,11:32:11,SRM,96nsGE,srm,luva2,Patrick,macaco,Interface: srm,luva2,73
2023-05-11,11:32:15,SRM,96nsGE,srm,luva2,Patrick,macaco,Interface: srm,luva2,83
2023-05-11,11:32:19,SRM,96nsGE,srm,luva2,Patrick,macaco,Interface: srm,luva2,65
2023-05-11,11:32:23,SRM,96nsGE,srm,luva2,Patrick,macaco,Interface: srm,luva2,67
2023-05-11,11:32:27,SRM,96nsGE,srm,luva2,Patrick,macaco,Interface: srm,luva2,78
2023-05-11,11:32:31,SRM,96nsGE,srm,luva2,Patrick,macaco,Interface: srm,luva2,65
2023-05-11,11:32:35,SRM,96nsGE,srm,luva2,Patrick,macaco,Interface: srm,luva2,66
2023-05-11,11:32:39,SRM,96nsGE,srm,luva2,Patrick,macaco,Interface: srm,luva2,90
2023-05-11,11:32:43,SRM,96nsGE,srm,luva2,Patrick,macaco,Interface: srm,luva2,91
2023-05-11,11:32:47,SRM,96nsGE,srm,luva2,Patrick,macaco,Interface: srm,luva2,98
2023-05-11,11:32:50,SRM,64biGO,web,,joao pedro,lobo,Interface: folha desenho,Participante joao pedro tirou uma foto,SRM_2023_05_11_11h_32m_50s_64biGO_joao pedro.jpg
2023-05-11,11:32:51,SRM,96nsGE,srm,luva2,Patrick,macaco,Interface: srm,luva2,68
2023-05-11,11:32:55,SRM,96nsGE,srm,luva2,Patrick,macaco,Interface: srm,luva2,89
2023-05-11,11:32:58,SRM,64biGO,web,,joao pedro,lobo,Interface: folha desenho,Participante joao pedro tirou uma foto,SRM_2023_05_11_11h_32m_58s_64biGO_joao pedro.jpg
2023-05-11,11:32:59,SRM,96nsGE,srm,luva2,Patrick,macaco,Interface: srm,luva2,93
2023-05-11,11:33:01,SRM,36tcEV,web,,p.Cecilia,porco,Interface: socket.io,saiu da sala ou perdeu conexao,
2023-05-11,11:33:02,SRM,64biGO,web,,joao pedro,lobo,Interface: folha desenho,Participante joao pedro tirou uma foto,SRM_2023_05_11_11h_33m_02s_64biGO_joao pedro.jpg
2023-05-11,11:33:03,SRM,96nsGE,srm,luva2,Patrick,macaco,Interface: srm,luva2,84
2023-05-11,11:33:07,SRM,96nsGE,srm,luva2,Patrick,macaco,Interface: srm,luva2,80
2023-05-11,11:33:11,SRM,96nsGE,srm,luva2,Patrick,macaco,Interface: srm,luva2,81
2023-05-11,11:33:16,SRM,96nsGE,srm,luva2,Patrick,macaco,Interface: srm,luva2,68
2023-05-11,11:33:20,SRM,96nsGE,srm,luva2,Patrick,macaco,Interface: srm,luva2,74
2023-05-11,11:33:23,SRM,55rwXO,web,,p.jesus,panda,Interface: socket.io,saiu da sala ou perdeu conexao,
2023-05-11,11:33:25,SRM,96nsGE,srm,luva2,Patrick,macaco,Interface: srm,luva2,111
2023-05-11,11:33:29,SRM,96nsGE,srm,luva2,Patrick,macaco,Interface: srm,luva2,107
2023-05-11,11:33:33,SRM,96nsGE,srm,luva2,Patrick,macaco,Interface: srm,luva2,114
2023-05-11,11:33:37,SRM,96nsGE,srm,luva2,Patrick,macaco,Interface: srm,luva2,107
2023-05-11,11:33:41,SRM,96nsGE,srm,luva2,Patrick,macaco,Interface: srm,luva2,107
2023-05-11,11:33:45,SRM,96nsGE,srm,luva2,Patrick,macaco,Interface: srm,luva2,91
2023-05-11,11:33:50,SRM,96nsGE,srm,luva2,Patrick,macaco,Interface: srm,luva2,69
2023-05-11,11:33:54,SRM,96nsGE,srm,luva2,Patrick,macaco,Interface: srm,luva2,101
2023-05-11,11:33:59,SRM,96nsGE,srm,luva2,Patrick,macaco,Interface: srm,luva2,101
2023-05-11,11:34:02,SRM,96nsGE,srm,luva2,Patrick,macaco,Interface: srm,luva2,106
2023-05-11,11:34:07,SRM,96nsGE,srm,luva2,Patrick,macaco,Interface: srm,luva2,113
2023-05-11,11:34:07,SRM,64biGO,web,,joao pedro,lobo,Interface: socket.io,saiu da sala ou perdeu conexao,
2023-05-11,11:34:11,SRM,96nsGE,srm,luva2,Patrick,macaco,Interface: srm,luva2,124
2023-05-11,11:34:11,SRM,37ocHN,web,,joao pedro,lobo,Interface: desenho,Fez login e iniciou os cookies com (37ocHN) (joao pedro) e (lobo),
2023-05-11,11:34:11,SRM,37ocHN,web,,joao pedro,lobo,Interface: desenho,Reconectou - Atualização de página - F5,
2023-05-11,11:34:11,SRM,37ocHN,web,,joao pedro,lobo,Interface: socket.io,entrou na sala - Registrou participante no socket.io,
2023-05-11,11:34:14,SRM,96nsGE,srm,luva2,Patrick,macaco,Interface: socket.io,saiu da sala ou perdeu conexao,
2023-05-11,11:34:27,SRM,66mrYL,web,,jose,cachorro,Interface: socket.io,saiu da sala ou perdeu conexao,
2023-05-11,11:34:44,SRM,29ghZT,web,,jose,cachorro,Interface: desenho,Fez login e iniciou os cookies com (29ghZT) (jose) e (cachorro),
2023-05-11,11:34:44,SRM,29ghZT,web,,jose,cachorro,Interface: desenho,Reconectou - Atualização de página - F5,
2023-05-11,11:34:44,SRM,29ghZT,web,,jose,cachorro,Interface: socket.io,entrou na sala - Registrou participante no socket.io,
2023-05-11,11:35:56,SRM,0,web,None,admin,,Interface: tela admin,admin logou,
2023-05-11,11:36:34,SRM,38igWL,web,,Rafela e Augusto,urso,Interface: socket.io,saiu da sala ou perdeu conexao,
2023-05-11,11:36:36,SRM,38igWL,web,,Rafela e Augusto,urso,Interface: socket.io,entrou na sala - Registrou participante no socket.io,
2023-05-11,11:38:52,SRM,37ocHN,web,,joao pedro,lobo,Interface: socket.io,saiu da sala ou perdeu conexao,
2023-05-11,11:39:03,SRM,29ghZT,web,,jose,cachorro,Interface: socket.io,saiu da sala ou perdeu conexao,
2023-05-11,11:40:03,SRM,38igWL,web,,Rafela e Augusto,urso,Interface: socket.io,saiu da sala ou perdeu conexao,
2023-05-11,11:40:30,SRM,38igWL,web,,Rafela e Augusto,urso,Interface: socket.io,entrou na sala - Registrou participante no socket.io,
2023-05-11,11:42:26,SRM,73qxPB,web,,p.evelyn,coelho,Interface: socket.io,saiu da sala ou perdeu conexao,
2023-05-11,11:48:36,SRM,05gmCI,web,,p.yusseli,urso,Interface: socket.io,saiu da sala ou perdeu conexao,
2023-05-11,11:48:44,SRM,38igWL,web,,Rafela e Augusto,urso,Interface: socket.io,saiu da sala ou perdeu conexao,
2023-05-11,11:48:48,SRM,38igWL,web,,Rafela e Augusto,urso,Interface: socket.io,entrou na sala - Registrou participante no socket.io,
2023-05-11,11:54:39,SRM,38igWL,web,,Rafela e Augusto,urso,Interface: socket.io,saiu da sala ou perdeu conexao,
2023-05-11,13:21:07,SRM,55rwXO,web,,p.jesus,panda,Interface: login,Retornou a primeira página para alterar nome ou avatar,
2023-05-11,13:21:14,SRM,0,web,None,admin,,Interface: tela admin,admin logou,
2023-05-11,13:21:20,SRM,0,web,None,admin,,Interface: tela admin,admin logou,
2023-05-11,13:21:27,SRM,0,web,None,admin,,Interface: tela admin,admin logou,